"resp_np","review_np","subm_np","author","reviewer","aspect","pos","action","imp","mention","text","resp_text","agreement","addressed"
"http://purl.org/np/RAgtFSptHE2etPKoMZOzJ9pzSPmUOGFj_KTBAtTCGEWA0","http://purl.org/np/RAS-uQZear9RltSQHw4wUJN-Rspq0VrnSD616wvEg2Hfg","http://purl.org/np/RAjk3YoNydLhbuD4BV9FD21ecELazvZibHHM7IXtJd-4A","https://orcid.org/0000-0002-8083-6048","https://orcid.org/0000-0002-0191-7211","https://w3id.org/linkflows/reviews/ContentComment","https://w3id.org/linkflows/reviews/NeutralComment","https://w3id.org/linkflows/reviews/SuggestionComment","4","https://w3id.org/linkflows/superpattern/terms/generallyQualifier","Since it is a legal issue, wouldn't https://w3id.org/linkflows/superpattern/latest/alwaysQualifier work better?","Thank you for your review! While we agree that when it comes to legal issues a more concrete language should be used, our formalisation is of a statement which expresses an opinion rather than a legal fact. Licenses with a non-commercial clause do not inhibit reuse of biodiversity data because of legal reasons but as a consequence of the difficulty to reuse data.","https://w3id.org/linkflows/reviews/PartialAgreementComment","https://w3id.org/linkflows/reviews/PointNotAddressedComment"
"http://purl.org/np/RAAnt1YKH6K7xFZeI_VIkeDQokxZM5mz0Or4y9Mz1o97k","http://purl.org/np/RAv2_GJH4PbaapFo6skynYinV9FFOEB9kPGw47HxC6IzI","http://purl.org/np/RAWcrMY8mnsI26BfokKid75MO1c2uVenyW9tmxj0VhbnY","https://orcid.org/0000-0002-8083-6048","https://orcid.org/0000-0002-0191-7211","https://w3id.org/linkflows/reviews/SyntaxComment","https://w3id.org/linkflows/reviews/PositiveComment","https://w3id.org/linkflows/reviews/NoActionNeededComment","1","http://server.nanopubs.lod.labs.vu.nl/RAEpHUXRKtaLE3Z24sgIUdaxwTBsK2bjshyq9yF00145Y#semantic-triples-extracted-from-biodiversity-literature","I learned a lot from this formalization. In particular, about nesting object classes.","Thank you!","https://w3id.org/linkflows/reviews/AgreementComment","https://w3id.org/linkflows/reviews/PointAddressedComment"
"http://purl.org/np/RACF2Yg9lCvNwjlcbkyOMizAkU2t1X1K6NsfYbpbQk7Xo","http://purl.org/np/RAa0IEe29Lp_w4oGM-JZgP5AAgF1xcLx-aWkvwi5Sg9XM","http://purl.org/np/RAjk3YoNydLhbuD4BV9FD21ecELazvZibHHM7IXtJd-4A","https://orcid.org/0000-0002-8083-6048","https://orcid.org/0000-0002-1267-0234","https://w3id.org/linkflows/reviews/ContentComment","https://w3id.org/linkflows/reviews/NegativeComment","https://w3id.org/linkflows/reviews/ActionNeededComment","3","http://www.wikidata.org/entity/Q65071627","The provided label for the superpattern instance refers to 'licenses with a non-commertial clause' in general, whereas the actual formalization has the specific kind of license 'Creative Commons NonCommercial' in subject position. This should be make consistent in one way or the other.","We agree with this review comment and have addressed it by defining a new class license-with-non-commercial-clause which is a subclass of software license (Q79719) and is related to Q65071627 and have used this new class as the subject of our updated formalisation.","https://w3id.org/linkflows/reviews/AgreementComment","https://w3id.org/linkflows/reviews/PointAddressedComment"
"http://purl.org/np/RAf9h_bi6HB0UtUF7JMgt3fy_hTRzDK_OfOlDmTfjrBLM","http://purl.org/np/RAnghJFLSoLxO6AHk6tCbIa8wEus26nqgqO91BuMehvow","http://purl.org/np/RAWcrMY8mnsI26BfokKid75MO1c2uVenyW9tmxj0VhbnY","https://orcid.org/0000-0002-8083-6048","https://orcid.org/0000-0002-1267-0234","https://w3id.org/linkflows/reviews/ContentComment","https://w3id.org/linkflows/reviews/NegativeComment","https://w3id.org/linkflows/reviews/SuggestionComment","4","http://purl.org/np/RAY2Gg01ffDVLprAakuMqpizAjksasRtTal_UsCf94LL8#openbiodiv-knowledge-graph","I am a bit uncertain about the subject class. It is defined as a subclass of 'knowledge graph' but seems to be treated more like an instance. I think it would be good to better specify (in the formalization nanopub or the class definition one) what the instances of the class 'OpenBiodiv knowledge graph' really are (maybe the different versions/branches?).","I agree that it was not clear that this is an instance. To address this review comment, I have created a new class (latest-release-of-openbiodiv), which is a subclass of software release (Q20631656) and related to openbiodiv-knowledge-graph, and I have updated the formalisation nanopub to say that 'The latest release of the OpenBiodiv knowledge graph contains semantic triples extracted from biodiversity literature'. Thank you for your review!","https://w3id.org/linkflows/reviews/AgreementComment","https://w3id.org/linkflows/reviews/PointAddressedComment"
"http://purl.org/np/RAcDpBj5DUhnxJLbyFPbm3YBy0wJ-dGh3-a_HcXdWtTcU","http://purl.org/np/RA7e61cJDtKZCRpIrygSht_h8hp7kte2CdM1OtMiQzyBc","http://purl.org/np/RAWcrMY8mnsI26BfokKid75MO1c2uVenyW9tmxj0VhbnY","https://orcid.org/0000-0002-8083-6048","https://orcid.org/0000-0002-7114-6459","https://w3id.org/linkflows/reviews/ContentComment","https://w3id.org/linkflows/reviews/PositiveComment","https://w3id.org/linkflows/reviews/NoActionNeededComment","4","http://purl.org/np/RAWcrMY8mnsI26BfokKid75MO1c2uVenyW9tmxj0VhbnY#provenance","The provenance of the formalization is the result of a ""FormalizationAcitvity"", which is correctly chosen and filled in.","Thank you!","https://w3id.org/linkflows/reviews/AgreementComment","https://w3id.org/linkflows/reviews/PointAddressedComment"
"http://purl.org/np/RAwo__Cy7l_6W-VKRhRM1MKk7-Jr_XWlu7z8sXROqeR68","http://purl.org/np/RATnFOH121UVN_q4-PYwL98l_XRFhUb0PGb_hiSGnRD3A","http://purl.org/np/RAjk3YoNydLhbuD4BV9FD21ecELazvZibHHM7IXtJd-4A","https://orcid.org/0000-0002-8083-6048","https://orcid.org/0000-0002-7114-6459","https://w3id.org/linkflows/reviews/ContentComment","https://w3id.org/linkflows/reviews/PositiveComment","https://w3id.org/linkflows/reviews/NoActionNeededComment","4","http://purl.org/np/RAjk3YoNydLhbuD4BV9FD21ecELazvZibHHM7IXtJd-4A#provenance","The provenance of the formalization is a ""FormalizationActivity"" as was correctly chosen and filled in.","Thank you!","https://w3id.org/linkflows/reviews/AgreementComment","https://w3id.org/linkflows/reviews/PointAddressedComment"
"http://purl.org/np/RAvlmgxW5sG45tm0M6_MQK7jtDXCQhxCyPzdyJxmQhv14","http://purl.org/np/RAU_qtmakLsaxm2FkyTFgwP2bDHHBGZk9GBDeT0JAfGm8","http://purl.org/np/RAjk3YoNydLhbuD4BV9FD21ecELazvZibHHM7IXtJd-4A","https://orcid.org/0000-0002-8083-6048","https://orcid.org/0000-0002-7114-6459","https://w3id.org/linkflows/reviews/ContentComment","https://w3id.org/linkflows/reviews/NeutralComment","https://w3id.org/linkflows/reviews/NoActionNeededComment","1","http://purl.org/np/RAjk3YoNydLhbuD4BV9FD21ecELazvZibHHM7IXtJd-4A#activity","The provenance indicates that this is a joint-authored formalization.","Thank you for your review!","https://w3id.org/linkflows/reviews/AgreementComment","https://w3id.org/linkflows/reviews/PointAddressedComment"
"http://purl.org/np/RAMeG2Rwn3zkcJLU53VbKwSCLxQL8Ss7CV81vs6TkKLek","http://purl.org/np/RAuw7Fo-S515A2z48B0fxQBxerj6EQCn5qFLKGQgkZpf0","http://purl.org/np/RAjk3YoNydLhbuD4BV9FD21ecELazvZibHHM7IXtJd-4A","https://orcid.org/0000-0002-8083-6048","https://orcid.org/0000-0002-7114-6459","https://w3id.org/linkflows/reviews/StyleComment","https://w3id.org/linkflows/reviews/PositiveComment","https://w3id.org/linkflows/reviews/NoActionNeededComment","3","http://purl.org/np/RAjk3YoNydLhbuD4BV9FD21ecELazvZibHHM7IXtJd-4A#spi","The rephrasing of the scientific claim is clear and in an AIDA-form.","Thank you!","https://w3id.org/linkflows/reviews/AgreementComment","https://w3id.org/linkflows/reviews/PointAddressedComment"
"http://purl.org/np/RASFlduD100bhC4KByOBSOTPVrTL6J0F8JcLm6InPWBAY","http://purl.org/np/RAmXsR4TSIJBif6OFLvCSe_3fbtgp79AeI_3adbcyiPPM","http://purl.org/np/RAjk3YoNydLhbuD4BV9FD21ecELazvZibHHM7IXtJd-4A","https://orcid.org/0000-0002-8083-6048","https://orcid.org/0000-0002-7114-6459","https://w3id.org/linkflows/reviews/ContentComment","https://w3id.org/linkflows/reviews/PositiveComment","https://w3id.org/linkflows/reviews/NoActionNeededComment","5","http://purl.org/np/RAjk3YoNydLhbuD4BV9FD21ecELazvZibHHM7IXtJd-4A#spi","The modeling of the formalization reflects very well the scientific claim.","Thank you!","https://w3id.org/linkflows/reviews/AgreementComment","https://w3id.org/linkflows/reviews/PointAddressedComment"
"http://purl.org/np/RAfWeu4D4vQEXWE-vEMY1QdeZrPyfLpDQxzdDPQSqyjwA","http://purl.org/np/RAIolZf0Ko5Klrr5FWt0Wqr_GrNa2PxyxLhlz8y4eGIUk","http://purl.org/np/RAWcrMY8mnsI26BfokKid75MO1c2uVenyW9tmxj0VhbnY","https://orcid.org/0000-0002-8083-6048","https://orcid.org/0000-0002-7114-6459","https://w3id.org/linkflows/reviews/ContentComment","https://w3id.org/linkflows/reviews/PositiveComment","https://w3id.org/linkflows/reviews/NoActionNeededComment","5","http://purl.org/np/RAWcrMY8mnsI26BfokKid75MO1c2uVenyW9tmxj0VhbnY#spi","The modeling of the formalization reflects very well the scientific claim.","Thank you.","https://w3id.org/linkflows/reviews/AgreementComment","https://w3id.org/linkflows/reviews/PointAddressedComment"
"http://purl.org/np/RARtxlJhp3qLVoBaak3mg9qjBnmva_R1KlFr5U159B-hI","http://purl.org/np/RAkE7yrMj7qDvlTFP4aLOZCqtTInXGsm93kZaO7fkEixs","http://purl.org/np/RAYJe1ruxzvy8idQGuxziYN4ri8OFeKZxzK-QdJPvDug0","https://orcid.org/0000-0002-0191-7211","https://orcid.org/0000-0002-1267-0234","https://w3id.org/linkflows/reviews/ContentComment","https://w3id.org/linkflows/reviews/NegativeComment","https://w3id.org/linkflows/reviews/ActionNeededComment","4","http://www.wikidata.org/entity/Q16334295","As humans typically belong to many different groups of different kinds, I am inclined to think that the context class should more specifically be 'social group of humans' (possibly with a quite technical and precise definition) and not just 'group of humans'.","Indeed https://www.wikidata.org/wiki/Q874405 (social group) matches better than https://www.wikidata.org/wiki/Q16334295 (group of humans) and thus was replaced.","https://w3id.org/linkflows/reviews/AgreementComment","https://w3id.org/linkflows/reviews/PointAddressedComment"
"http://purl.org/np/RAhlnTORajqOxkpAoQPPTHGtJBiPcTVUepkIMUZwF9-k0","http://purl.org/np/RAnb5-OisRldUSR06piqwRDOZ7YKroF_RdecKroUtO2lg","http://purl.org/np/RAYJe1ruxzvy8idQGuxziYN4ri8OFeKZxzK-QdJPvDug0","https://orcid.org/0000-0002-0191-7211","https://orcid.org/0000-0002-1267-0234","https://w3id.org/linkflows/reviews/ContentComment","https://w3id.org/linkflows/reviews/NegativeComment","https://w3id.org/linkflows/reviews/SuggestionComment","4","https://w3id.org/linkflows/superpattern/terms/causes","I am wondering whether the ""never causes"" is a bit too strong a relation, also given the natural language sentence. ""Never affects"" might be more precise than ""never causes"". (This is also a stronger statement, more likely to be wrong, but that's not necessarily a bad thing.)","I do have to agree. However, I changed it to affects instead of causes since it is a negation and leaves the option open to find a positive correlation in the future.","https://w3id.org/linkflows/reviews/PartialAgreementComment","https://w3id.org/linkflows/reviews/PointAddressedComment"
"http://purl.org/np/RA0JAnTeZk7UH64wvt05e2rksQNdM7Lpbg3wX9bfZgtmc","http://purl.org/np/RAVOvkxhwJyssN0QGAwwEkDLhJSyftqp9U-pp4aCHWIl8","http://purl.org/np/RAYJe1ruxzvy8idQGuxziYN4ri8OFeKZxzK-QdJPvDug0","https://orcid.org/0000-0002-0191-7211","https://orcid.org/0000-0003-4727-9435","https://w3id.org/linkflows/reviews/ContentComment","https://w3id.org/linkflows/reviews/NegativeComment","https://w3id.org/linkflows/reviews/SuggestionComment","3","http://server.nanopubs.lod.labs.vu.nl/RAIwMZ0StXU9DCY1WGoJMwD2NAc30mijCb0FML8TXIB0Y#relative-neocortex-size","while this class nanopub is a subclass of size from wikipedia, it doesn't make a formal relation to the neocortex (e.g. that it specifically an attribute of the neocortex). thus, the class formalization could be improved.","Thank you for the review. It has been changed in the formal definition of class which is now skos:related to both - the cortex class and the size class in Wikidata.","https://w3id.org/linkflows/reviews/AgreementComment","https://w3id.org/linkflows/reviews/PointAddressedComment"
"http://purl.org/np/RA887FH8AZvYFLOVf8dhEMPpc8l6JP-q6yybkUg4VazCI","http://purl.org/np/RArrv081fT5rlRJhL6a-Ncimgzlp06badGVDj7kMQOZOE","http://purl.org/np/RAYJe1ruxzvy8idQGuxziYN4ri8OFeKZxzK-QdJPvDug0","https://orcid.org/0000-0002-0191-7211","https://orcid.org/0000-0002-7114-6459","https://w3id.org/linkflows/reviews/ContentComment","https://w3id.org/linkflows/reviews/NegativeComment","https://w3id.org/linkflows/reviews/ActionNeededComment","3","http://purl.org/np/RAYJe1ruxzvy8idQGuxziYN4ri8OFeKZxzK-QdJPvDug0#provenance","The provenance of the formalization needs to be a ""FormalizationActivity"", but at the moment the ""sub:quote"" field is missing. There a link to the article from which the scientific claim was taken needs to be specified (""sub:quote prov:wasQuotedFrom <https://royalsocietypublishing.org/doi/10.1098/rsbl.2021.0158>""), together with the quote from the article from which the scientific claim was derived (""sub:quote prov:value ""add phrase from original article from which the scientific claim was extracted or rephrased"" "").","The missing information have been added.","https://w3id.org/linkflows/reviews/AgreementComment","https://w3id.org/linkflows/reviews/PointAddressedComment"
"http://purl.org/np/RAOuun9B68sM1VMlYrq6Bxt9_9Z1Zq_O56x5CvDtNqesA","http://purl.org/np/RARu0NIs9zVJw6hm-IF2X-FT84wOEvpgLxnfCeBi94s1s","http://purl.org/np/RAYJe1ruxzvy8idQGuxziYN4ri8OFeKZxzK-QdJPvDug0","https://orcid.org/0000-0002-0191-7211","https://orcid.org/0000-0002-7114-6459","https://w3id.org/linkflows/reviews/ContentComment","https://w3id.org/linkflows/reviews/PositiveComment","https://w3id.org/linkflows/reviews/NoActionNeededComment","5","http://purl.org/np/RAYJe1ruxzvy8idQGuxziYN4ri8OFeKZxzK-QdJPvDug0#spi","The modelling of the formalization seems to reflect well the content of the scientific claim.","Thank you for the review","https://w3id.org/linkflows/reviews/AgreementComment","https://w3id.org/linkflows/reviews/PointAddressedComment"
"http://purl.org/np/RA8Bw8rc3LhRQnXdZss4BoOy8cglUqdcuiB3nKq8hptNE","http://purl.org/np/RA9RcAQhZ9tZvErcz-xEsptVcUx84CnXC1hvEUsp2N2vs","http://purl.org/np/RAIWvdnjqmOl2VP_eR2oFBxk97A_dw__FeusMzuRE9SIY","https://orcid.org/0000-0003-2310-3013","https://orcid.org/0000-0002-1267-0234","https://w3id.org/linkflows/reviews/ContentComment","https://w3id.org/linkflows/reviews/NegativeComment","https://w3id.org/linkflows/reviews/ActionNeededComment","4","http://purl.org/np/RAIWvdnjqmOl2VP_eR2oFBxk97A_dw__FeusMzuRE9SIY#provenance","The provenance part should be using the template 'generated from a formalization activity'.","Provenance changed to show generated by a formalization activity.","https://w3id.org/linkflows/reviews/AgreementComment","https://w3id.org/linkflows/reviews/PointAddressedComment"
"http://purl.org/np/RAA7OnnJAKBafk4iYT3U2GQN1F0PbJ8IJfU4YtZ20f8JQ","http://purl.org/np/RAryFiNK2xO4qdxH4NEz0CVbj0poeY_Vn5NBwHhrKdIOk","http://purl.org/np/RAIWvdnjqmOl2VP_eR2oFBxk97A_dw__FeusMzuRE9SIY","https://orcid.org/0000-0003-2310-3013","https://orcid.org/0000-0002-7114-6459","https://w3id.org/linkflows/reviews/ContentComment","https://w3id.org/linkflows/reviews/NegativeComment","https://w3id.org/linkflows/reviews/ActionNeededComment","3","http://purl.org/np/RAIWvdnjqmOl2VP_eR2oFBxk97A_dw__FeusMzuRE9SIY#provenance","The provenance of this formalization is a ""FormalizationActivity"" where the link to the article and the actual quote from the same article from which the scientific claim was derived need to be specified together with the orcid of the formalization author. This should be changed accordingly.","Provenance was changed to show that it was generated by a formalization activity, and the necessary attributes of that template were added.","https://w3id.org/linkflows/reviews/AgreementComment","https://w3id.org/linkflows/reviews/PointAddressedComment"
"http://purl.org/np/RA6iSsRzRDasLnPEDR976ah7-G2Sg7rVbdkcu3pQnvbl4","http://purl.org/np/RAgOEyseOAaQI6ITOteiHjDMmtRs5xLFEVDFvwkzfTUyE","http://purl.org/np/RAIWvdnjqmOl2VP_eR2oFBxk97A_dw__FeusMzuRE9SIY","https://orcid.org/0000-0003-2310-3013","https://orcid.org/0000-0002-7114-6459","https://w3id.org/linkflows/reviews/StyleComment","https://w3id.org/linkflows/reviews/NeutralComment","https://w3id.org/linkflows/reviews/SuggestionComment","1","http://purl.org/np/RAIWvdnjqmOl2VP_eR2oFBxk97A_dw__FeusMzuRE9SIY#spi","Something small: I would start the scientific claim with an upper case and end it with a period.","Suggestion adopted.","https://w3id.org/linkflows/reviews/AgreementComment","https://w3id.org/linkflows/reviews/PointAddressedComment"
"http://purl.org/np/RA4H1CPJ7YVgwiy9mu9_BTmBKu15gOyQJus8089NdORm0","http://purl.org/np/RAXC23M6PuzqJyPyI1PxD1kMbAO1hZuhcJ4UojR33sDmQ","http://purl.org/np/RAGgV-nRMWhmgtxx5n3yE29NaopuuDVDKAuZC8IzCATag","https://orcid.org/0000-0003-0169-8159","https://orcid.org/0000-0002-1267-0234","https://w3id.org/linkflows/reviews/ContentComment","https://w3id.org/linkflows/reviews/NegativeComment","https://w3id.org/linkflows/reviews/ActionNeededComment","4","http://purl.org/np/RAGgV-nRMWhmgtxx5n3yE29NaopuuDVDKAuZC8IzCATag#provenance","The provenance should use the 'Generated by a formalization activity' template.","I agree and I changed the provenance using the 'Generated by a formalization activity' template following reviewer's suggestion.","https://w3id.org/linkflows/reviews/AgreementComment","https://w3id.org/linkflows/reviews/PointAddressedComment"
"http://purl.org/np/RAxkzPSjaGdzDxaeEuJWK2F4Vfde9gnyq6FK2XMFDwgiA","http://purl.org/np/RAXqhZNkCtSHKHmtwk_PobxwQBCQiEkiCz5X8KVvpsZos","http://purl.org/np/RAGgV-nRMWhmgtxx5n3yE29NaopuuDVDKAuZC8IzCATag","https://orcid.org/0000-0003-0169-8159","https://orcid.org/0000-0002-1267-0234","https://w3id.org/linkflows/reviews/ContentComment","https://w3id.org/linkflows/reviews/NeutralComment","https://w3id.org/linkflows/reviews/SuggestionComment","4","http://www.orpha.net/ORDO/Orphanet_C001","I feel that the context class of 'clinical entity' doesn't add anything. It's a very general class. Just leaving it empty (= universal class) might make more sense.","I changed the context with the more specific class 'genetic disorder' that is stated in the assertion but was not included in the first version, which is 'autosomal recessive disorder' thus declaring the congenital characteristic of this disorder.","https://w3id.org/linkflows/reviews/PartialAgreementComment","https://w3id.org/linkflows/reviews/PointAddressedComment"
"http://purl.org/np/RAzuI8cdzL_4T-hy0evC4PY84kYUXo-VN9e6RvdB2GKgY","http://purl.org/np/RAXViOb_BV-sic87FPqPMaDRhCoy7ewM-7rheZyM79Uz0","http://purl.org/np/RAGgV-nRMWhmgtxx5n3yE29NaopuuDVDKAuZC8IzCATag","https://orcid.org/0000-0003-0169-8159","https://orcid.org/0000-0002-1267-0234","https://w3id.org/linkflows/reviews/ContentComment","https://w3id.org/linkflows/reviews/NegativeComment","https://w3id.org/linkflows/reviews/ActionNeededComment","5","http://purl.obolibrary.org/obo/GO_0036503","You are now stating that the given deficiency is caused by the ERAD pathway, which doesn't sound right. I suppose it should be something like: it is caused by the dysfunction of the ERAD pathway. So, it would mean to mint a new class 'dysfunction of ERAD pathway' and then use this class in object position.","I adressed the good point made by the reviewer following his suggestion: mint a new class 'dysfunction of ERAD pathway' and then use this class in object position.","https://w3id.org/linkflows/reviews/AgreementComment","https://w3id.org/linkflows/reviews/PointAddressedComment"
"http://purl.org/np/RAT7nWZzE2VBifWc5NlTKViZnPMVT_Zk0NVHjJpOnAkhc","http://purl.org/np/RAYaSkoABaiCEOFIF5NuxtfOtgQGv9YEXc1lhy9ZiVgjE","http://purl.org/np/RAGgV-nRMWhmgtxx5n3yE29NaopuuDVDKAuZC8IzCATag","https://orcid.org/0000-0003-0169-8159","https://orcid.org/0000-0002-7114-6459","https://w3id.org/linkflows/reviews/ContentComment","https://w3id.org/linkflows/reviews/NegativeComment","https://w3id.org/linkflows/reviews/ActionNeededComment","3","http://purl.org/np/RAGgV-nRMWhmgtxx5n3yE29NaopuuDVDKAuZC8IzCATag#provenance","The provenance of this formalization should be a ""FormalizationActivity"". As such, the source of the scientific claim (the original scientific article) can be specified, together with the quote from the article that contains the scientific claim and the orcid of the author of the formalization.","I agree and I changed the provenance using the 'Generated by a formalization activity' template accordingly.","https://w3id.org/linkflows/reviews/AgreementComment","https://w3id.org/linkflows/reviews/PointAddressedComment"
"http://purl.org/np/RADxNE4LbidQZRy0knJM-8RuuinMXaYyDw8g5FQPKl284","http://purl.org/np/RAcEWBk7k2IuF_3CHY_EMWEkGQxA4iKb8pLxFN-cyWoC4","http://purl.org/np/RAGgV-nRMWhmgtxx5n3yE29NaopuuDVDKAuZC8IzCATag","https://orcid.org/0000-0003-0169-8159","https://orcid.org/0000-0002-7114-6459","https://w3id.org/linkflows/reviews/ContentComment","https://w3id.org/linkflows/reviews/NegativeComment","https://w3id.org/linkflows/reviews/SuggestionComment","3","https://w3id.org/linkflows/superpattern/terms/hasObjectClass","I think the object class needs to be ""autosomal-recessive-disorder-of-ERAD-pathway"" instead of just the ""ERAD-pathway"".","I agree that the object 'ERAD pathway' is not the appropiate. I addressed this minting a new class 'dysfunction of ERAD pathway' which is more accurate.","https://w3id.org/linkflows/reviews/PartialAgreementComment","https://w3id.org/linkflows/reviews/PointAddressedComment"
"http://purl.org/np/RA-pqz7azyMGoXCqzIkUz6p7Jz5U3fM1R0AJzDVFr5nDw","http://purl.org/np/RA157Nzn31vVtHtrMQgOXML5iyDjjlp3kkp9yVIKU8buw","http://purl.org/np/RAGgV-nRMWhmgtxx5n3yE29NaopuuDVDKAuZC8IzCATag","https://orcid.org/0000-0003-0169-8159","https://orcid.org/0000-0002-7114-6459","https://w3id.org/linkflows/reviews/ContentComment","https://w3id.org/linkflows/reviews/PositiveComment","https://w3id.org/linkflows/reviews/SuggestionComment","3","http://purl.org/np/RAGgV-nRMWhmgtxx5n3yE29NaopuuDVDKAuZC8IzCATag#spi","I believe the formalization structure is good, reflecting almost all the details of the scientific claim. If the missing details about the ""autosomal recessive disorder"" were to be included, this would make the formalization complete in my view.","""autosomal recessive disorder"" has been added as ""genetic disorder"" to declare the context of the assertion","https://w3id.org/linkflows/reviews/AgreementComment","https://w3id.org/linkflows/reviews/PointAddressedComment"
"http://purl.org/np/RArEg5-yvMkqyrL1cN55xqhNeydgHqGrJx7sPjCYZ6it8","http://purl.org/np/RAx9CGRhaeTQFExlb1xrUlk1tVSQv1uj58vesTalQOkLE","http://purl.org/np/RATc9O9tCdQPlrsJeGNsTNO0PbENIzdKa6XAOex7dXfrY","https://orcid.org/0000-0001-9079-039X","https://orcid.org/0000-0002-8083-6048","https://w3id.org/linkflows/reviews/SyntaxComment","https://w3id.org/linkflows/reviews/NeutralComment","https://w3id.org/linkflows/reviews/ActionNeededComment","2","https://dx.doi.org/10.1007%2F978-3-030-71903-6_32","The usage of dx.doi.org type of DOIs has been deprecated. Instead, the author should use doi.org such as https://doi.org/10.1007%2F978-3-030-71903-6_32 .","Changed to the suggested doi. Thank you","https://w3id.org/linkflows/reviews/AgreementComment","https://w3id.org/linkflows/reviews/PointAddressedComment"
"http://purl.org/np/RAowIHvE_cMb3B7VRR_HIP9sM5lnlRGiQDmKqL1cxFAyc","http://purl.org/np/RA9jFuc0wOvjd8Tis5w09VDMnwWwGQaUoqqDV2665acHI","http://purl.org/np/RATc9O9tCdQPlrsJeGNsTNO0PbENIzdKa6XAOex7dXfrY","https://orcid.org/0000-0001-9079-039X","https://orcid.org/0000-0002-0191-7211","https://w3id.org/linkflows/reviews/ContentComment","https://w3id.org/linkflows/reviews/NeutralComment","https://w3id.org/linkflows/reviews/NoActionNeededComment","3","http://server.nanopubs.lod.labs.vu.nl/RATc9O9tCdQPlrsJeGNsTNO0PbENIzdKa6XAOex7dXfrY#provenance","I cannot find the original quote 'In the context of Digital Humanities research, usage of the Linked Data Scopes ontology contributes to transparency of the research.' in the given paper https://link.springer.com/chapter/10.1007%2F978-3-030-71903-6_32","Indeed, I misunderstood the quote part. The quote now comes from (the abstract of) the original article","https://w3id.org/linkflows/reviews/AgreementComment","https://w3id.org/linkflows/reviews/PointAddressedComment"
"http://purl.org/np/RAWE3WS8fQA0SeVEMbkLtWsJGAXnxxmjFvABHqHBPo20E","http://purl.org/np/RAXdkg1ssTlRWvf-JaVLmxWC_REcW2KkRljhu_9PEBxLM","http://purl.org/np/RATc9O9tCdQPlrsJeGNsTNO0PbENIzdKa6XAOex7dXfrY","https://orcid.org/0000-0001-9079-039X","https://orcid.org/0000-0002-7114-6459","https://w3id.org/linkflows/reviews/ContentComment","https://w3id.org/linkflows/reviews/PositiveComment","https://w3id.org/linkflows/reviews/NoActionNeededComment","3","http://purl.org/np/RATc9O9tCdQPlrsJeGNsTNO0PbENIzdKa6XAOex7dXfrY#provenance","The provenance of the nanopub is as a result of a ""FormalizationActivity"", as was chosen.","Thank you","https://w3id.org/linkflows/reviews/AgreementComment","https://w3id.org/linkflows/reviews/PointNotAddressedComment"
"http://purl.org/np/RAqoSsRsf1BJdGcfWJ9FN8kdqashnUKUw_i-YsB-Lk8Cc","http://purl.org/np/RAtxvhGFng6jC64kXFZ8mmMDc1fsa5WPmRpL0fNoEGwbc","http://purl.org/np/RATc9O9tCdQPlrsJeGNsTNO0PbENIzdKa6XAOex7dXfrY","https://orcid.org/0000-0001-9079-039X","https://orcid.org/0000-0002-7114-6459","https://w3id.org/linkflows/reviews/ContentComment","https://w3id.org/linkflows/reviews/NegativeComment","https://w3id.org/linkflows/reviews/ActionNeededComment","3","http://purl.org/np/RATc9O9tCdQPlrsJeGNsTNO0PbENIzdKa6XAOex7dXfrY#quote","The original quote from the article that contains the scientific claim that is formalized should be written here, instead of the sentence with the scientific claim.","I updated the quote, that now comes from the (abstract of the) original article.","https://w3id.org/linkflows/reviews/AgreementComment","https://w3id.org/linkflows/reviews/PointAddressedComment"
"http://purl.org/np/RAFCPGyWsPcZarXDn5Dg9IMu-7BQskfH3wtAFqhakJoNA","http://purl.org/np/RAw0HUK3Jg2wJNuyYBcyq2bDnWXkvpQjgcM6OvyUqPPgQ","http://purl.org/np/RATc9O9tCdQPlrsJeGNsTNO0PbENIzdKa6XAOex7dXfrY","https://orcid.org/0000-0001-9079-039X","https://orcid.org/0000-0002-7114-6459","https://w3id.org/linkflows/reviews/ContentComment","https://w3id.org/linkflows/reviews/NeutralComment","https://w3id.org/linkflows/reviews/SuggestionComment","2","https://www.wikidata.org/entity/Q1026962","I was wondering if a better context class would be ""Digital Humanities research"", instead of just ""Digital Humanities"".","I agree that this can be confusing. In response to a formalization review comment (3), I added a new class 
""Digital humanities research""which is a subclass of the resource ""research"" in wikidata and related to the resource ""digital humanities"" in wikidata.","https://w3id.org/linkflows/reviews/AgreementComment","https://w3id.org/linkflows/reviews/PointAddressedComment"
"http://purl.org/np/RA_B9Iu_OYMKCwRNFGwQy2ZTe5iKd4XmkgJS5HzELtEZo","http://purl.org/np/RASUNuFag1tEc7eMPQZovFiQZtA29DIFplZ982LQdg838","http://purl.org/np/RATc9O9tCdQPlrsJeGNsTNO0PbENIzdKa6XAOex7dXfrY","https://orcid.org/0000-0001-9079-039X","https://orcid.org/0000-0001-8004-0464","https://w3id.org/linkflows/reviews/ContentComment","https://w3id.org/linkflows/reviews/PositiveComment","https://w3id.org/linkflows/reviews/NoActionNeededComment","1","http://purl.org/np/RATc9O9tCdQPlrsJeGNsTNO0PbENIzdKa6XAOex7dXfrY","The content is very good","Thank you","https://w3id.org/linkflows/reviews/AgreementComment","https://w3id.org/linkflows/reviews/PointNotAddressedComment"
"http://purl.org/np/RAHmvzdl-80jtSyn18OgVBbeUc07anF7K93Gde6SxbIZw","http://purl.org/np/RAZILddOsbnRuIyfpgRsEPSBdwJB6VVZexDnSK5OGfWiY","http://purl.org/np/RAPLWOEA5t6_Kx6vVHtibWm92pg1XTN6FIZdWuaTyoy9g","https://orcid.org/0000-0003-4727-9435","https://orcid.org/0000-0002-0191-7211","https://w3id.org/linkflows/reviews/ContentComment","https://w3id.org/linkflows/reviews/PositiveComment","https://w3id.org/linkflows/reviews/NoActionNeededComment","1","http://server.nanopubs.lod.labs.vu.nl/RAFQovt9yQD7nZ2tdZ9_Uhpb7CsfT3k64pK7dh63xd-50#assertion","Thanks for adding the class as automatic discovery is missing in Wikidata.","my pleasure!","https://w3id.org/linkflows/reviews/AgreementComment","https://w3id.org/linkflows/reviews/PointAddressedComment"
"http://purl.org/np/RAOiDCcI5c4RXamzaP9TNY8XM7L-7UQ7shm79KrlDgnH8","http://purl.org/np/RAR3HGoKQM__H3hMyXc-2uHUTHcSoWFmicAu5BynhZRLY","http://purl.org/np/RAPLWOEA5t6_Kx6vVHtibWm92pg1XTN6FIZdWuaTyoy9g","https://orcid.org/0000-0003-4727-9435","https://orcid.org/0000-0002-7114-6459","https://w3id.org/linkflows/reviews/ContentComment","https://w3id.org/linkflows/reviews/NegativeComment","https://w3id.org/linkflows/reviews/ActionNeededComment","3","http://purl.org/np/RAPLWOEA5t6_Kx6vVHtibWm92pg1XTN6FIZdWuaTyoy9g#provenance","The provenance of the formalization should be a ""FormalizationActivity"". As such, more details can be given about the original article from which the scientific claim was derived, the original content from the article (the quote) of the phrase from which the scientific claim was derived (can be the same as the scientific claim itself if it was not rephrased) and the author of the formalization.","made changes","https://w3id.org/linkflows/reviews/AgreementComment","https://w3id.org/linkflows/reviews/PointAddressedComment"
"http://purl.org/np/RAiSvT9Iy4-poxt0VEtNBO_uhHBDiLohEIMuHrMPab9r0","http://purl.org/np/RA6gx8VCH_HFRNWV3Vuf1gxmjoECFUqYVgJ3aVapFfHls","http://purl.org/np/RAPLWOEA5t6_Kx6vVHtibWm92pg1XTN6FIZdWuaTyoy9g","https://orcid.org/0000-0003-4727-9435","https://orcid.org/0000-0002-7114-6459","https://w3id.org/linkflows/reviews/StyleComment","https://w3id.org/linkflows/reviews/NegativeComment","https://w3id.org/linkflows/reviews/ActionNeededComment","4","http://purl.org/np/RAPLWOEA5t6_Kx6vVHtibWm92pg1XTN6FIZdWuaTyoy9g#spi","The content of the scientific claim that is modeled in the formalization should be something like ""Adherence of a dataset to the FAIR Guiding Principles enables its automated discovery."", instead of containing the interpretation of the mentioned scientific claim.","I agree","https://w3id.org/linkflows/reviews/AgreementComment","https://w3id.org/linkflows/reviews/PointAddressedComment"
"http://purl.org/np/RAaqV5eehX-wlnotoT6iyGt-B3Dx1HFO5W3lTLLDGISR0","http://purl.org/np/RAOaHjJf_7NLnsZCok_mm5vARZ8Jn223owehNSoKjG7Oo","http://purl.org/np/RAPLWOEA5t6_Kx6vVHtibWm92pg1XTN6FIZdWuaTyoy9g","https://orcid.org/0000-0003-4727-9435","https://orcid.org/0000-0002-7114-6459","https://w3id.org/linkflows/reviews/ContentComment","https://w3id.org/linkflows/reviews/PositiveComment","https://w3id.org/linkflows/reviews/NoActionNeededComment","5","http://purl.org/np/RAPLWOEA5t6_Kx6vVHtibWm92pg1XTN6FIZdWuaTyoy9g#spi","The modelling of the formalization reflects very well the scientific claim.","no change required","https://w3id.org/linkflows/reviews/AgreementComment","https://w3id.org/linkflows/reviews/PointAddressedComment"
"http://purl.org/np/RAbTgl4Va4--Qf760bdcdtRz6sHysMsAE0v7dStDhDB-w","http://purl.org/np/RAM0AF2wYX0vr9wXf1svfJRL0_PhceAnWVb6VVTXunA7U","http://purl.org/np/RAPLWOEA5t6_Kx6vVHtibWm92pg1XTN6FIZdWuaTyoy9g","https://orcid.org/0000-0003-4727-9435","https://orcid.org/0000-0001-8004-0464","https://w3id.org/linkflows/reviews/ContentComment","https://w3id.org/linkflows/reviews/NegativeComment","https://w3id.org/linkflows/reviews/ActionNeededComment","4","http://purl.org/np/RAPLWOEA5t6_Kx6vVHtibWm92pg1XTN6FIZdWuaTyoy9g#provenance","A link to a publication might be useful to be added in the provenance","added publication","https://w3id.org/linkflows/reviews/AgreementComment","https://w3id.org/linkflows/reviews/PointAddressedComment"
"http://purl.org/np/RAuVcjQVmwsMGTmV9NkVDwemOvwdm0EGCTSsOfM1slCrY","http://purl.org/np/RAz-E7YOwL-RCifo12zsEs0J50LlXkWwgcLpx3CTh3hGM","http://purl.org/np/RA5rRFy9eDTZSTyVeuTrAO7aCg_JPcq1cVmWWjc-kjFOM","https://orcid.org/0000-0003-1099-3328","https://orcid.org/0000-0002-1267-0234","https://w3id.org/linkflows/reviews/ContentComment","https://w3id.org/linkflows/reviews/NegativeComment","https://w3id.org/linkflows/reviews/ActionNeededComment","5","http://purl.org/np/RAiUYY1dbEDbcsscapEmbMMHsgJmjEJ1yUoNsxZIH1r90","The object slot of the superpattern refers to the nanopublication that defines the class, instead of the class itself (http://purl.org/np/RAiUYY1dbEDbcsscapEmbMMHsgJmjEJ1yUoNsxZIH1r90#transcription-of-stmn2).","Thanks, I updated the object slot to http://purl.org/np/RAiUYY1dbEDbcsscapEmbMMHsgJmjEJ1yUoNsxZIH1r90#transcription-of-stmn2","https://w3id.org/linkflows/reviews/AgreementComment","https://w3id.org/linkflows/reviews/PointAddressedComment"
"http://purl.org/np/RAORqcMHEwaiqXp14QWgjS8iWP98rUtRGbrm7414ya1xI","http://purl.org/np/RAeSpvWpdaPJZj1L51mBnAq_AqWXmh5fKlEyOSdex64m0","http://purl.org/np/RA5rRFy9eDTZSTyVeuTrAO7aCg_JPcq1cVmWWjc-kjFOM","https://orcid.org/0000-0003-1099-3328","https://orcid.org/0000-0002-7114-6459","https://w3id.org/linkflows/reviews/ContentComment","https://w3id.org/linkflows/reviews/NegativeComment","https://w3id.org/linkflows/reviews/ActionNeededComment","4","http://purl.org/np/RAiUYY1dbEDbcsscapEmbMMHsgJmjEJ1yUoNsxZIH1r90","The object class should point to the link of the class: http://purl.org/np/RAiUYY1dbEDbcsscapEmbMMHsgJmjEJ1yUoNsxZIH1r90#transcription-of-stmn2, instead of the link to the nanopublication in which this class is published.","Thanks, I updated the object class to http://purl.org/np/RAiUYY1dbEDbcsscapEmbMMHsgJmjEJ1yUoNsxZIH1r90#transcription-of-stmn2","https://w3id.org/linkflows/reviews/AgreementComment","https://w3id.org/linkflows/reviews/PointAddressedComment"
"http://purl.org/np/RAZV7VdWWBjFEIpmzqUudlg46zzipKCJNpfkJXhEKdaIU","http://purl.org/np/RAZdY-WdpmVRAUyjgdEGhFDG2mD-j8xg1I27hNIQGkltw","http://purl.org/np/RAGo62Hb_Bx1klF4pn1q1Ty40860e3A7Sz4hr2vojZ2wA","https://orcid.org/0000-0001-6501-0806","https://orcid.org/0000-0001-9079-039X","https://w3id.org/linkflows/reviews/SyntaxComment","https://w3id.org/linkflows/reviews/NegativeComment","https://w3id.org/linkflows/reviews/SuggestionComment","1","http://purl.org/np/RAGo62Hb_Bx1klF4pn1q1Ty40860e3A7Sz4hr2vojZ2wA#spi","The label of the spi has a small typo or encoding error:  it now appears as STX1[NON-PRINTABLE-CHARACTER]B rather than STX1B. I suggest changing that","should be fixed hopefully. not sure as it's not clear how the problem appeared in the first place.","https://w3id.org/linkflows/reviews/AgreementComment","https://w3id.org/linkflows/reviews/PointAddressedComment"
"http://purl.org/np/RAeQXBCLaNCea4WYJaQ_XlKoWFOGgM50zqjMjCuH6zmZM","http://purl.org/np/RAkjk3apcZT3cBU-snbQ2ciW9BpOX_Y25ONOAOjxjOUPU","http://purl.org/np/RAGo62Hb_Bx1klF4pn1q1Ty40860e3A7Sz4hr2vojZ2wA","https://orcid.org/0000-0001-6501-0806","https://orcid.org/0000-0001-9079-039X","https://w3id.org/linkflows/reviews/ContentComment","https://w3id.org/linkflows/reviews/PositiveComment","https://w3id.org/linkflows/reviews/NoActionNeededComment","1","http://purl.org/np/RAGo62Hb_Bx1klF4pn1q1Ty40860e3A7Sz4hr2vojZ2wA#provenance","The provenance part of this SPI looks good. The content of the paper matches the content of the nanopublication.","no modification requested","https://w3id.org/linkflows/reviews/AgreementComment","https://w3id.org/linkflows/reviews/PointAddressedComment"
"http://purl.org/np/RAm_WJgZmurPqAXA5KYf-uoH9mTrkLaNxpUs0gJ0DL7dM","http://purl.org/np/RAi3F4Zuw82UXdKRaGgjoBWujM1kfHxMVVJFkem1pFHhw","http://purl.org/np/RAGo62Hb_Bx1klF4pn1q1Ty40860e3A7Sz4hr2vojZ2wA","https://orcid.org/0000-0001-6501-0806","https://orcid.org/0000-0002-7114-6459","https://w3id.org/linkflows/reviews/StyleComment","https://w3id.org/linkflows/reviews/NegativeComment","https://w3id.org/linkflows/reviews/ActionNeededComment","1","http://purl.org/np/RAGo62Hb_Bx1klF4pn1q1Ty40860e3A7Sz4hr2vojZ2wA#spi","The scientific claim ""mutations in STX1[NON-PRINTABLE-CHARACTER]B are associated with epilepsy"" contains an unknown or wrong character for the ""STX1[NON-PRINTABLE-CHARACTER]B"" subunit. This should be corrected.","should be fixed hopefully. not sure as it's not clear how the problem appeared in the first place.","https://w3id.org/linkflows/reviews/AgreementComment","https://w3id.org/linkflows/reviews/PointAddressedComment"
"http://purl.org/np/RA7R6kJu0QfsxJgF9KDaKDxAbuZz5NlJ9RSd1dpA_TUjw","http://purl.org/np/RAkh8i194_QadxVVIVMWMzfOyXz9D_3gKiUR4mxn-mM8I","http://purl.org/np/RAGo62Hb_Bx1klF4pn1q1Ty40860e3A7Sz4hr2vojZ2wA","https://orcid.org/0000-0001-6501-0806","https://orcid.org/0000-0002-7114-6459","https://w3id.org/linkflows/reviews/ContentComment","https://w3id.org/linkflows/reviews/PositiveComment","https://w3id.org/linkflows/reviews/NoActionNeededComment","5","http://purl.org/np/RAGo62Hb_Bx1klF4pn1q1Ty40860e3A7Sz4hr2vojZ2wA#spi","The modelling of the formalization looks good.","no modification requested","https://w3id.org/linkflows/reviews/AgreementComment","https://w3id.org/linkflows/reviews/PointAddressedComment"
"http://purl.org/np/RAhZVakW246qGSP9_ITnfok0SmI6LIh-YZlxbJU0j5byc","http://purl.org/np/RA0LO7yFU6d4M6FEzjw-r0Gyuu92B8giyMMKDP-qbvE1c","http://purl.org/np/RAGo62Hb_Bx1klF4pn1q1Ty40860e3A7Sz4hr2vojZ2wA","https://orcid.org/0000-0001-6501-0806","https://orcid.org/0000-0002-7114-6459","https://w3id.org/linkflows/reviews/ContentComment","https://w3id.org/linkflows/reviews/NegativeComment","https://w3id.org/linkflows/reviews/ActionNeededComment","2","https://w3id.org/linkflows/superpattern/terms/FormalizationActivity","The provenance, which is a ""FormalizationActivity"" should also include the actual quote from the article from which the scientific claim was derived. As such, the ""sub:quote prov:value <quote_from_article_from_which_the_scientific_claim_was_derived>"" and ""prov:wasQuotedFrom <http://doi.org/10.1038/ng.3130>"" should be added.","done","https://w3id.org/linkflows/reviews/AgreementComment","https://w3id.org/linkflows/reviews/PointAddressedComment"
"http://purl.org/np/RAAgR5ZKIIvujTwNwwxr6-bsjF1GXk_W7Zx7qxEeLrOX0","http://purl.org/np/RAio--7IbPa3_ZSG3GspUsXeWP2ZwMIzy4Kzos0yZ7NIw","http://purl.org/np/RAGo62Hb_Bx1klF4pn1q1Ty40860e3A7Sz4hr2vojZ2wA","https://orcid.org/0000-0001-6501-0806","https://orcid.org/0000-0002-7114-6459","https://w3id.org/linkflows/reviews/ContentComment","https://w3id.org/linkflows/reviews/NeutralComment","https://w3id.org/linkflows/reviews/SuggestionComment","1","https://w3id.org/linkflows/superpattern/terms/hasRelation","Maybe the use of a causal relation like ""contributes to"" can also be used here.","I don't think the original publication shows a causal relationship. It seems to me only a correlation is proven.","https://w3id.org/linkflows/reviews/DisagreementComment","https://w3id.org/linkflows/reviews/PointNotAddressedComment"
"http://purl.org/np/RAMJ69Peyx9r4lGvkvryD3I7rMP8Yb6FuCjyVg-ZfBV0c","http://purl.org/np/RA9liKqSCnL2E1qLfjr0tgw3LYQVjEhns5Noxpmb23nv0","http://purl.org/np/RAGo62Hb_Bx1klF4pn1q1Ty40860e3A7Sz4hr2vojZ2wA","https://orcid.org/0000-0001-6501-0806","https://orcid.org/0000-0002-7114-6459","https://w3id.org/linkflows/reviews/StyleComment","https://w3id.org/linkflows/reviews/NeutralComment","https://w3id.org/linkflows/reviews/SuggestionComment","1","http://purl.org/np/RAGo62Hb_Bx1klF4pn1q1Ty40860e3A7Sz4hr2vojZ2wA#spi","Something small: starting the sentence containing the scientific claim of the super-pattern with a capital letter.","done","https://w3id.org/linkflows/reviews/AgreementComment","https://w3id.org/linkflows/reviews/PointAddressedComment"
"http://purl.org/np/RAg-nSvQQV9VXjMouhB_xSjeEEdnYstZH1ebFOdR9zVEU","http://purl.org/np/RA-miPrNdymKxeAk5hyVFlTQ35vPEJTF4YvmYAcQ8ufOA","http://purl.org/np/RAmfrSLt-WVQVNTrJi6IlNk3ZiQyYBds0NYGJpUEsPjfI","https://orcid.org/0000-0001-8004-0464","https://orcid.org/0000-0002-1267-0234","https://w3id.org/linkflows/reviews/ContentComment","https://w3id.org/linkflows/reviews/NegativeComment","https://w3id.org/linkflows/reviews/SuggestionComment","3","http://www.w3.org/2000/01/rdf-schema#label","I think the label of the superpattern instance, in particular the 'essential regulator' part, is a bit stronger than what the superpattern is actually expressing. I suggest to revise the label a bit such that it better reflects what the formalization says.","I believe the label in itself represents the meaning of the original article, but the qualifier wasn't the suitable one to express it. I have modified the qualifier from ""generally"" to ""mostly"" to specify that the original article claims that Shh is an essential regulator.","https://w3id.org/linkflows/reviews/AgreementComment","https://w3id.org/linkflows/reviews/PointAddressedComment"
"http://purl.org/np/RAGG3BYvzA9wR4jmmeAmE15zQ9KBLNGPmIIPpWh_nCi5M","http://purl.org/np/RA4zu3y98zRapBDzYOuBf--RkJCAgnQA393Pb_IHawWBI","http://purl.org/np/RAmfrSLt-WVQVNTrJi6IlNk3ZiQyYBds0NYGJpUEsPjfI","https://orcid.org/0000-0001-8004-0464","https://orcid.org/0000-0002-1267-0234","https://w3id.org/linkflows/reviews/ContentComment","https://w3id.org/linkflows/reviews/NegativeComment","https://w3id.org/linkflows/reviews/ActionNeededComment","3","http://purl.org/np/RAjk3YoNydLhbuD4BV9FD21ecELazvZibHHM7IXtJd-4A#quote","The quote provided in the provenance seems to be a general quote from the source rather than the specific passage on which this formalization is based.","The original quote from the article has been replaced with a more specific one","https://w3id.org/linkflows/reviews/AgreementComment","https://w3id.org/linkflows/reviews/PointAddressedComment"
"http://purl.org/np/RASKSJs2TiPqG9JErQ7ixKI6tEhXGYPElzWYN7xtQSiog","http://purl.org/np/RAlfwCE-scqpM-dRmws8nlsgueZLmaq__NIzVW5Rui71M","http://purl.org/np/RAmfrSLt-WVQVNTrJi6IlNk3ZiQyYBds0NYGJpUEsPjfI","https://orcid.org/0000-0001-8004-0464","https://orcid.org/0000-0002-7114-6459","https://w3id.org/linkflows/reviews/ContentComment","https://w3id.org/linkflows/reviews/PositiveComment","https://w3id.org/linkflows/reviews/NoActionNeededComment","5","http://purl.org/np/RAmfrSLt-WVQVNTrJi6IlNk3ZiQyYBds0NYGJpUEsPjfI#spi","The modelling of the formalization is very good.","Thanks for the feedback","https://w3id.org/linkflows/reviews/AgreementComment","https://w3id.org/linkflows/reviews/PointNotAddressedComment"
"http://purl.org/np/RA-_lHIZGRE1JVTzCK0XKZ3OR7vV9GdFCsmBIyfX4kkjg","http://purl.org/np/RA0Ak_exioAtnRt7pfhc3qUE7CwgEdHMt89Frp7LWxdb4","http://purl.org/np/RAmfrSLt-WVQVNTrJi6IlNk3ZiQyYBds0NYGJpUEsPjfI","https://orcid.org/0000-0001-8004-0464","https://orcid.org/0000-0002-7114-6459","https://w3id.org/linkflows/reviews/ContentComment","https://w3id.org/linkflows/reviews/PositiveComment","https://w3id.org/linkflows/reviews/NoActionNeededComment","3","http://purl.org/np/RAmfrSLt-WVQVNTrJi6IlNk3ZiQyYBds0NYGJpUEsPjfI#provenance","The resulting formalization has as a provenance the ""FormalizationActivity"", which is correct. Moreover, all fields are correctly filled in.","Thanks for the feedback","https://w3id.org/linkflows/reviews/AgreementComment","https://w3id.org/linkflows/reviews/PointNotAddressedComment"
"http://purl.org/np/RAwurL5JmcIZBiENsexp_zDDH8NGhI7k7fQj2yN80V5So","http://purl.org/np/RACefo-6H6Mu2grt1xMgw-_23yzqCmZXhE4cycALDXrHg","http://purl.org/np/RAxxJWyH8OdTJLs-ZY1q5jVq1OWFNOoLFvwEcUFyR8EEo","https://orcid.org/0000-0003-2432-4125","https://orcid.org/0000-0002-8083-6048","https://w3id.org/linkflows/reviews/StyleComment","https://w3id.org/linkflows/reviews/NeutralComment","https://w3id.org/linkflows/reviews/SuggestionComment","2","http://purl.org/np/RAxxJWyH8OdTJLs-ZY1q5jVq1OWFNOoLFvwEcUFyR8EEo#provenance","This formalisation paper captures excellently one of the main claims made in the original article. I have a small comment regarding the style of the formalisation paper itself. There is no quote from the original paper and instead the paraphrased claim was inserted (sub:quote triple in the Provenance section).","an exact quote from the article was added","https://w3id.org/linkflows/reviews/AgreementComment","https://w3id.org/linkflows/reviews/PointAddressedComment"
"http://purl.org/np/RAiEgjKxYheYtjypHZgZlicxQQBLbeu9vDlgkepMeNyaQ","http://purl.org/np/RAvKVAhQ4K1XOV7VuVj7sOHu9DWTrzowXRH4qffzf5my8","http://purl.org/np/RAxxJWyH8OdTJLs-ZY1q5jVq1OWFNOoLFvwEcUFyR8EEo","https://orcid.org/0000-0003-2432-4125","https://orcid.org/0000-0002-8083-6048","https://w3id.org/linkflows/reviews/SyntaxComment","https://w3id.org/linkflows/reviews/PositiveComment","https://w3id.org/linkflows/reviews/SuggestionComment","1","http://purl.org/np/RAY3LaUoVtBLj9CN36wyyvTIjSMsACErVtEApnA12zjy0#expression-of-genes-IRX3-AND-IRX5","I agree with the way the class was defined and commend the author for linking it to a parent Wikidata class (gene expression). The only thing I would change is the uppercase 'and' within the class identifier between the two gene names.","changed to the updated format where AND was replaced with and","https://w3id.org/linkflows/reviews/AgreementComment","https://w3id.org/linkflows/reviews/PointAddressedComment"
"http://purl.org/np/RAPpZIuYb4Q3jRp8OBSB83dltFyaiiayTylHWc4cEuRIQ","http://purl.org/np/RAGfzz5T3p5LQP9rTIpfIjBjsOX6BTL1jl5015NRc_oRE","http://purl.org/np/RAxxJWyH8OdTJLs-ZY1q5jVq1OWFNOoLFvwEcUFyR8EEo","https://orcid.org/0000-0003-2432-4125","https://orcid.org/0000-0002-1267-0234","https://w3id.org/linkflows/reviews/ContentComment","https://w3id.org/linkflows/reviews/NegativeComment","https://w3id.org/linkflows/reviews/ActionNeededComment","3","http://purl.org/np/RAxxJWyH8OdTJLs-ZY1q5jVq1OWFNOoLFvwEcUFyR8EEo#quote","I couldn't find that exact quote from the original paper. It seems that this is a paraphrase whereas it should be the verbatim quote.","An exact quote from the article was added","https://w3id.org/linkflows/reviews/AgreementComment","https://w3id.org/linkflows/reviews/PointAddressedComment"
"http://purl.org/np/RAxUdYEQaliw9EsEnvRAIVSl1FmPO7y_78bw7wJio_FFA","http://purl.org/np/RAorOLuZlfyIYI0GypT2_X-Z7Ern_E-P5YieLFu-xSB1s","http://purl.org/np/RAxxJWyH8OdTJLs-ZY1q5jVq1OWFNOoLFvwEcUFyR8EEo","https://orcid.org/0000-0003-2432-4125","https://orcid.org/0000-0002-7114-6459","https://w3id.org/linkflows/reviews/ContentComment","https://w3id.org/linkflows/reviews/NegativeComment","https://w3id.org/linkflows/reviews/ActionNeededComment","4","http://purl.org/np/RAxxJWyH8OdTJLs-ZY1q5jVq1OWFNOoLFvwEcUFyR8EEo#spi","The scientific claim does not seem to be atomic, as it mentions two genes, IRX3 and IRX5. I think it should be broken into two different claims, one for each of these genes.","The paper refers to both genes and both genes are regulated. Not sure if it should be split into two claims or remain as one","https://w3id.org/linkflows/reviews/PartialAgreementComment","https://w3id.org/linkflows/reviews/PointNotAddressedComment"
"http://purl.org/np/RAgUHK4iSXUnhf-DC6ucahOiUh4YW589FTM54XPmciqzU","http://purl.org/np/RAy-yPfCs1qyCgcXIuItdCQ2w5TJMmOSifQ-Tog8yt1N0","http://purl.org/np/RAxxJWyH8OdTJLs-ZY1q5jVq1OWFNOoLFvwEcUFyR8EEo","https://orcid.org/0000-0003-2432-4125","https://orcid.org/0000-0002-7114-6459","https://w3id.org/linkflows/reviews/ContentComment","https://w3id.org/linkflows/reviews/PositiveComment","https://w3id.org/linkflows/reviews/NoActionNeededComment","4","http://purl.org/np/RAxxJWyH8OdTJLs-ZY1q5jVq1OWFNOoLFvwEcUFyR8EEo#spi","The modelling of the scientific claim (if we assume the claim is rephrased in an atomic way) seems correct.","no action needed","https://w3id.org/linkflows/reviews/AgreementComment","https://w3id.org/linkflows/reviews/PointAddressedComment"
"http://purl.org/np/RAmrKttaMpkP7K9xhynhlbmZdWBCxf2IoN02myvGTeMPI","http://purl.org/np/RA0AMmdDvY5MpFV1JIroq2akgWPYgSfyKLxpjoHn1Oaro","http://purl.org/np/RAxxJWyH8OdTJLs-ZY1q5jVq1OWFNOoLFvwEcUFyR8EEo","https://orcid.org/0000-0003-2432-4125","https://orcid.org/0000-0002-7114-6459","https://w3id.org/linkflows/reviews/ContentComment","https://w3id.org/linkflows/reviews/NeutralComment","https://w3id.org/linkflows/reviews/ActionNeededComment","2","http://purl.org/np/RAxxJWyH8OdTJLs-ZY1q5jVq1OWFNOoLFvwEcUFyR8EEo#quote","The exact quote from the article should be specified, not the text of the scientific claim in the formalization.","An exact quote from the paper was added","https://w3id.org/linkflows/reviews/AgreementComment","https://w3id.org/linkflows/reviews/PointAddressedComment"
"http://purl.org/np/RAjz0nKHGxFbENgB2BN7AylkOKnwdVgxYIu2KX_8NMZN4","http://purl.org/np/RAFMU1Z7kxuFhoaqJG7I_W1NnplPYKB7Cm1eEhFeCtvM8","http://purl.org/np/RASZZ5T1Ca5gpCMPubKoypR_0WcSUkHiMaADu9o1BS1Xs","https://orcid.org/0000-0002-0830-7029","https://orcid.org/0000-0002-1267-0234","https://w3id.org/linkflows/reviews/ContentComment","https://w3id.org/linkflows/reviews/NegativeComment","https://w3id.org/linkflows/reviews/ActionNeededComment","5","http://purl.org/np/RASZZ5T1Ca5gpCMPubKoypR_0WcSUkHiMaADu9o1BS1Xs#provenance","The provenance part should refer to the original publication by using the template 'generated from a formalization activity'.","Publication link included","https://w3id.org/linkflows/reviews/AgreementComment","https://w3id.org/linkflows/reviews/PointAddressedComment"
"http://purl.org/np/RA9PBnR9l3KHr3rfm6TrDsf27LPS2TJEGRaTGqDOc_8bo","http://purl.org/np/RA3bgMLuZraOIlR0MkZATsU_eFtfym5V3kPkGqzXrWykg","http://purl.org/np/RASZZ5T1Ca5gpCMPubKoypR_0WcSUkHiMaADu9o1BS1Xs","https://orcid.org/0000-0002-0830-7029","https://orcid.org/0000-0003-4727-9435","https://w3id.org/linkflows/reviews/ContentComment","https://w3id.org/linkflows/reviews/NeutralComment","https://w3id.org/linkflows/reviews/ActionNeededComment","2","http://purl.org/np/RACS5sSm45MGbuJrztnPrpdu1AuLiKxDni-6JcKzN5ZtM#bulk","The subject class has a related to sub:bulk, but this is undefined in the subject class nanopublication.","class updated","https://w3id.org/linkflows/reviews/AgreementComment","https://w3id.org/linkflows/reviews/PointAddressedComment"
"http://purl.org/np/RAziisg_S35MBOxKYXcy23mVXs6zqWtcAuw7r9Omd1SII","http://purl.org/np/RAcOHD6Srpn9Fm0pR0OeprCklZYJj4THRcOcHT3Wj0oEE","http://purl.org/np/RASZZ5T1Ca5gpCMPubKoypR_0WcSUkHiMaADu9o1BS1Xs","https://orcid.org/0000-0002-0830-7029","https://orcid.org/0000-0003-4727-9435","https://w3id.org/linkflows/reviews/ContentComment","https://w3id.org/linkflows/reviews/NegativeComment","https://w3id.org/linkflows/reviews/ActionNeededComment","2","http://server.nanopubs.lod.labs.vu.nl/RAXecDWH8gZVp7FZRP1m_Fg6EXH_uoZGhKN9blfN9lrfI#ecm-bound-cancer-cell","The class 'cancer cell engaged in extracellular matrix' is defined as an intersection between 'extracellular matrix' and 'cancer cell'. But these two things are different, and cannot be formally intersected. instead, I might suggest that the subject type is a cancer cell that has a relation of 'located in' to an 'extracellular matrix'","Class updated","https://w3id.org/linkflows/reviews/AgreementComment","https://w3id.org/linkflows/reviews/PointAddressedComment"
"http://purl.org/np/RA-NHiWeD_b9EyigeFtA2Am2z4BbtTJNS-wYkoB-qf0-k","http://purl.org/np/RAfnoWhgpCJFcgNOTQ0QE0cTGdIUPZmsvJfNNAQl9asxw","http://purl.org/np/RASZZ5T1Ca5gpCMPubKoypR_0WcSUkHiMaADu9o1BS1Xs","https://orcid.org/0000-0002-0830-7029","https://orcid.org/0000-0002-7114-6459","https://w3id.org/linkflows/reviews/ContentComment","https://w3id.org/linkflows/reviews/NegativeComment","https://w3id.org/linkflows/reviews/ActionNeededComment","3","http://purl.org/np/RASZZ5T1Ca5gpCMPubKoypR_0WcSUkHiMaADu9o1BS1Xs#provenance","The correct provenance here is a ""FormalizationActivity"", as the formalization was derived after such a specific activity. There the original article (https://www.nature.com/articles/nature13535) and the exact quote from the article that contained the scientific claim, together with the ORCID of the creator(s) should be specified.","Provenance updated","https://w3id.org/linkflows/reviews/AgreementComment","https://w3id.org/linkflows/reviews/PointAddressedComment"
"http://purl.org/np/RAbYGDE27fjI5qTckXklj4g0ym4PnZGulmF2jN0MNt4m8","http://purl.org/np/RAiVA25Dj5oyJtyGmVIpLd57TeDJcy6kz5Q7P_WbuMOBI","http://purl.org/np/RASZZ5T1Ca5gpCMPubKoypR_0WcSUkHiMaADu9o1BS1Xs","https://orcid.org/0000-0002-0830-7029","https://orcid.org/0000-0002-7114-6459","https://w3id.org/linkflows/reviews/ContentComment","https://w3id.org/linkflows/reviews/PositiveComment","https://w3id.org/linkflows/reviews/NoActionNeededComment","5","http://purl.org/np/RASZZ5T1Ca5gpCMPubKoypR_0WcSUkHiMaADu9o1BS1Xs#spi","The modelling of the formalization is good.","I agree","https://w3id.org/linkflows/reviews/AgreementComment","https://w3id.org/linkflows/reviews/PointAddressedComment"
"http://purl.org/np/RAt0mkGH-IfogzEZ-KlBw6TwI2aI68zkrbYhxphxyddLk","http://purl.org/np/RAOQfDNyP0cEiYppEG27gQuAaJpI55sOTmdfCP7JWctfc","http://purl.org/np/RASZZ5T1Ca5gpCMPubKoypR_0WcSUkHiMaADu9o1BS1Xs","https://orcid.org/0000-0002-0830-7029","https://orcid.org/0000-0002-7114-6459","https://w3id.org/linkflows/reviews/StyleComment","https://w3id.org/linkflows/reviews/NeutralComment","https://w3id.org/linkflows/reviews/SuggestionComment","2","http://purl.org/np/RASZZ5T1Ca5gpCMPubKoypR_0WcSUkHiMaADu9o1BS1Xs#spi","Maybe the scientific claim should be rephrased a bit to reflect the growth effect more, instead of just using ""mechanically drives"".","Ignored according to Cristina's recommendation","https://w3id.org/linkflows/reviews/PartialAgreementComment","https://w3id.org/linkflows/reviews/PointAddressedComment"
"http://purl.org/np/RA5ff2pPMe05nBHBpv2dvCoB6wBnRkMyI6agJCAUW3p8U","http://purl.org/np/RAQTRlVBNlJZj7PvwVwpt3HBq56n30DbcIWJZeogGEJvs","http://purl.org/np/RASZZ5T1Ca5gpCMPubKoypR_0WcSUkHiMaADu9o1BS1Xs","https://orcid.org/0000-0002-0830-7029","https://orcid.org/0000-0001-8004-0464","https://w3id.org/linkflows/reviews/ContentComment","https://w3id.org/linkflows/reviews/NegativeComment","https://w3id.org/linkflows/reviews/ActionNeededComment","4","http://purl.org/np/RASZZ5T1Ca5gpCMPubKoypR_0WcSUkHiMaADu9o1BS1Xs#provenance","There is no link to the original publication","There is now!","https://w3id.org/linkflows/reviews/AgreementComment","https://w3id.org/linkflows/reviews/PointAddressedComment"
"http://purl.org/np/RAAvxdOwZmP5RB7BlUsIC6CqXDNhSiIP0r4RhJP8WHMVM","http://purl.org/np/RARw63N4ShSDNoVWjzrGlBDQL145KY5lku9ANh24rRE74","http://purl.org/np/RASZZ5T1Ca5gpCMPubKoypR_0WcSUkHiMaADu9o1BS1Xs","https://orcid.org/0000-0002-0830-7029","https://orcid.org/0000-0001-8004-0464","https://w3id.org/linkflows/reviews/ContentComment","https://w3id.org/linkflows/reviews/PositiveComment","https://w3id.org/linkflows/reviews/NoActionNeededComment","1","http://purl.org/np/RAGo62Hb_Bx1klF4pn1q1Ty40860e3A7Sz4hr2vojZ2wA","Very good information provided","Yes!  I am quite clever.","https://w3id.org/linkflows/reviews/AgreementComment","https://w3id.org/linkflows/reviews/PointAddressedComment"
"http://purl.org/np/RAi0i2aC9aBOfHFUedbfP8QbbgtYJF_A9E3P2KnZ8MU14","http://purl.org/np/RAug-T7pRS3r66x8RLCgglvLWTUPEZU6eELmKijHnoMYM","http://purl.org/np/RAsdV8EQ1qn_lXOrgoG7mPaF1JXdFLzt2iYy4eMhMMuM4","https://orcid.org/0000-0002-7770-620X","https://orcid.org/0000-0002-1267-0234","https://w3id.org/linkflows/reviews/ContentComment","https://w3id.org/linkflows/reviews/NegativeComment","https://w3id.org/linkflows/reviews/ActionNeededComment","5","https://w3id.org/biolink/vocab/ChemicalToGeneAssociation","The context class 'chemical to gene association' doesn't make sense to me here. I suppose we are talking about individual patients here, so then the context class 'human' would make sense, meaning whenever a human has this condition then it is sometimes related to that other condition *of the same human*.","We discussed that and agreed to ""universal context"" together with a change of subject and object classes.","https://w3id.org/linkflows/reviews/AgreementComment","https://w3id.org/linkflows/reviews/PointAddressedComment"
"http://purl.org/np/RAPjdJK_mKmROq-jNyi2zby1brrxZ8AomWT8XjTKO6F5I","http://purl.org/np/RAQh4gyQCcdD59fUytOc5kOtq7uoEER0ihJBcxKsheZHM","http://purl.org/np/RAsdV8EQ1qn_lXOrgoG7mPaF1JXdFLzt2iYy4eMhMMuM4","https://orcid.org/0000-0002-7770-620X","https://orcid.org/0000-0002-1267-0234","https://w3id.org/linkflows/reviews/ContentComment","https://w3id.org/linkflows/reviews/NeutralComment","https://w3id.org/linkflows/reviews/NoActionNeededComment","5","https://w3id.org/linkflows/superpattern/terms/isSameAs","I am not sure about the isSameAs relation. This might be fine depending on how the other classes are filled in in the final version, but I have the impression that it should rather be something like isCausedBy.","The publication is about overlapping genes in the disease networks of CAKUT and in the vitamin A targets. There is no causality involved.","https://w3id.org/linkflows/reviews/DisagreementComment","https://w3id.org/linkflows/reviews/PointAddressedComment"
"http://purl.org/np/RAsxLZMQsm2YlKk8ju48BCvxGbPLmVH8NMXNUAtuYZG0w","http://purl.org/np/RAmxClZM36_nbsLO4Kw8dyroPBv20DQH3lCNAOnqJXBZ8","http://purl.org/np/RAsdV8EQ1qn_lXOrgoG7mPaF1JXdFLzt2iYy4eMhMMuM4","https://orcid.org/0000-0002-7770-620X","https://orcid.org/0000-0002-1267-0234","https://w3id.org/linkflows/reviews/ContentComment","https://w3id.org/linkflows/reviews/NegativeComment","https://w3id.org/linkflows/reviews/ActionNeededComment","3","http://www.w3.org/2000/01/rdf-schema#label","The label of the superpattern instance should be a short human-readable sentence, not the DOI of the original paper.","Changed according to suggestion.","https://w3id.org/linkflows/reviews/AgreementComment","https://w3id.org/linkflows/reviews/PointAddressedComment"
"http://purl.org/np/RAqgqHBjme9yoiXu7-krrW1uHmS771JjNDQ0K8f1ky7D8","http://purl.org/np/RAhoOM0_PnZ-O30J6Gz7rTy3b6jIRlAq_kKOD8wLYVcO4","http://purl.org/np/RAsdV8EQ1qn_lXOrgoG7mPaF1JXdFLzt2iYy4eMhMMuM4","https://orcid.org/0000-0002-7770-620X","https://orcid.org/0000-0002-1267-0234","https://w3id.org/linkflows/reviews/ContentComment","https://w3id.org/linkflows/reviews/NegativeComment","https://w3id.org/linkflows/reviews/ActionNeededComment","4","http://purl.org/np/RAsdV8EQ1qn_lXOrgoG7mPaF1JXdFLzt2iYy4eMhMMuM4#provenance","The provenance part should use the template 'generated from a formalization activity'.","Changed according to suggestion.","https://w3id.org/linkflows/reviews/AgreementComment","https://w3id.org/linkflows/reviews/PointAddressedComment"
"http://purl.org/np/RAFi6DZ3QoJaRI-Pyn1k1PTMWk7o6f-9XDdZveVg-Aomw","http://purl.org/np/RAhyiHbc_7uGqAhD-DE4YPyX9uJ1Yg5Er9bTr0RhZ0vSs","http://purl.org/np/RAsdV8EQ1qn_lXOrgoG7mPaF1JXdFLzt2iYy4eMhMMuM4","https://orcid.org/0000-0002-7770-620X","https://orcid.org/0000-0002-1267-0234","https://w3id.org/linkflows/reviews/ContentComment","https://w3id.org/linkflows/reviews/NegativeComment","https://w3id.org/linkflows/reviews/ActionNeededComment","5","http://purl.obolibrary.org/obo/CHEBI_12777","It seems to me that the object class should be something like 'excess or deficiency of vitamin A' and not just 'vitamin A'.","No excess or deficiency involved here, that is just a statement that Vitamin A targets and CAKUT related proteins overlap (are sometimes the same).","https://w3id.org/linkflows/reviews/DisagreementComment","https://w3id.org/linkflows/reviews/PointAddressedComment"
"http://purl.org/np/RAUpqCP66IyZ3v7DFjv4mhZvkot0WsrCoq6eM6yg5MuHU","http://purl.org/np/RA-PZUIhvhl__00ef62icnjpY_LPYPOIssulmbR31c4i8","http://purl.org/np/RAsdV8EQ1qn_lXOrgoG7mPaF1JXdFLzt2iYy4eMhMMuM4","https://orcid.org/0000-0002-7770-620X","https://orcid.org/0000-0002-7114-6459","https://w3id.org/linkflows/reviews/ContentComment","https://w3id.org/linkflows/reviews/NeutralComment","https://w3id.org/linkflows/reviews/SuggestionComment","2","http://purl.org/np/RAsdV8EQ1qn_lXOrgoG7mPaF1JXdFLzt2iYy4eMhMMuM4#spi","I have some doubts about the context class used, as I am not sure if, from a biological point of view, the interpretation of the formalization makes sense.","We discussed that and agree to change the context (and the classes) so that ""universal context"" fits best.","https://w3id.org/linkflows/reviews/AgreementComment","https://w3id.org/linkflows/reviews/PointAddressedComment"
"http://purl.org/np/RADZUYUDV0nG8JttvApmKf_lqbxruHmRWBsO4WuFPRfjQ","http://purl.org/np/RA4ecYBb3WaYOd-9zB3ZsSSYAR9AvoeN6VC9HfIQfrprs","http://purl.org/np/RAsdV8EQ1qn_lXOrgoG7mPaF1JXdFLzt2iYy4eMhMMuM4","https://orcid.org/0000-0002-7770-620X","https://orcid.org/0000-0002-7114-6459","https://w3id.org/linkflows/reviews/ContentComment","https://w3id.org/linkflows/reviews/NegativeComment","https://w3id.org/linkflows/reviews/ActionNeededComment","4","http://purl.org/np/RAsdV8EQ1qn_lXOrgoG7mPaF1JXdFLzt2iYy4eMhMMuM4#provenance","The provenance of this formalization is a specific type of provenance, namely, it is the result of a ""formalization activity"". This should be used in the provenance field with all the corresponding details pertaining to this ""formalization activity"". This is the place where the DOI of the article from which the quoted scientific claim was extracted should be specified.","Changed according to suggestion.","https://w3id.org/linkflows/reviews/AgreementComment","https://w3id.org/linkflows/reviews/PointAddressedComment"
"http://purl.org/np/RAU8B7coDDNZyKeEzYNteHriHv5RIFmHJNfRHjvUFK6l0","http://purl.org/np/RAEo0vVJDl36yjtiPu-Ndyqn-sDaY_NUy5Aax1qinamvQ","http://purl.org/np/RAsdV8EQ1qn_lXOrgoG7mPaF1JXdFLzt2iYy4eMhMMuM4","https://orcid.org/0000-0002-7770-620X","https://orcid.org/0000-0002-7114-6459","https://w3id.org/linkflows/reviews/ContentComment","https://w3id.org/linkflows/reviews/NeutralComment","https://w3id.org/linkflows/reviews/SuggestionComment","1","http://purl.org/np/RAsdV8EQ1qn_lXOrgoG7mPaF1JXdFLzt2iYy4eMhMMuM4#provenance","If the formalization has multiple authors, then these need to be specified in this part, after choosing the ""FormalizationActivity"" as provenance of the formalization.","Chris Evelo added as author as agreed.","https://w3id.org/linkflows/reviews/AgreementComment","https://w3id.org/linkflows/reviews/PointAddressedComment"
"http://purl.org/np/RAPRtkUm8oKYy-74SAHFIlAPS1E-Xu7GcbvH4g9_qfu_U","http://purl.org/np/RAPEhX9hEJCSMWUbeVGWxi2KP-WmzHXQWbSYsc_5s7rGU","http://purl.org/np/RAsdV8EQ1qn_lXOrgoG7mPaF1JXdFLzt2iYy4eMhMMuM4","https://orcid.org/0000-0002-7770-620X","https://orcid.org/0000-0002-7114-6459","https://w3id.org/linkflows/reviews/ContentComment","https://w3id.org/linkflows/reviews/NegativeComment","https://w3id.org/linkflows/reviews/ActionNeededComment","3","https://w3id.org/linkflows/superpattern/terms/hasSubjectClass","The subject id http://identifiers.org/omim/610805 does not seem to resolve. Maybe using https://www.omim.org/entry/610805 is better?","Replaced by new class.","https://w3id.org/linkflows/reviews/AgreementComment","https://w3id.org/linkflows/reviews/PointAddressedComment"
"http://purl.org/np/RA_Uo-dmuwdyOE2SEt8bqDdJz79-kcTNBduWR8ij_N_6s","http://purl.org/np/RAaFeW4Bj3Y7DpKTdi8d3XZVF-8rZJS2v7St62NEdOumg","http://purl.org/np/RAsdV8EQ1qn_lXOrgoG7mPaF1JXdFLzt2iYy4eMhMMuM4","https://orcid.org/0000-0002-7770-620X","https://orcid.org/0000-0002-7114-6459","https://w3id.org/linkflows/reviews/ContentComment","https://w3id.org/linkflows/reviews/NegativeComment","https://w3id.org/linkflows/reviews/ActionNeededComment","4","http://purl.org/np/RAsdV8EQ1qn_lXOrgoG7mPaF1JXdFLzt2iYy4eMhMMuM4#spi","The literal for the rdfs:label of the super-pattern instantiation should contain the actual (rephrased) scientific claim (ideally in an AIDA sentence), not the doi to the article. This should be changed.","Changed according to suggestion.","https://w3id.org/linkflows/reviews/AgreementComment","https://w3id.org/linkflows/reviews/PointAddressedComment"
"http://purl.org/np/RANegR5t3VApsZ7sEkQdrNyv1TEYIFQds9XXI1uarfmN8","http://purl.org/np/RAEXBWB39ZKCaNTalc0K6hrU1UdWQpRu7Rl8RDO4fBydo","http://purl.org/np/RAjk3YoNydLhbuD4BV9FD21ecELazvZibHHM7IXtJd-4A","https://orcid.org/0000-0002-8083-6048","https://orcid.org/0000-0002-1267-0234","https://w3id.org/linkflows/reviews/ContentComment","https://w3id.org/linkflows/reviews/PositiveComment","https://w3id.org/linkflows/reviews/NoActionNeededComment","5",,"Overall, I think this is a good formalization.","Thank you! In response to your other review comment we made small changes to the formalisation.","https://w3id.org/linkflows/reviews/AgreementComment","https://w3id.org/linkflows/reviews/PointAddressedComment"
"http://purl.org/np/RABqs0voTpZjcSTTtyS6WIi3Fd4Za6uQmvBE0_w7wNWY4","http://purl.org/np/RAx9yefsz4xInPLYTsVs8cL4e99c9f13resjxhoeS8b3Y","http://purl.org/np/RAIWvdnjqmOl2VP_eR2oFBxk97A_dw__FeusMzuRE9SIY","https://orcid.org/0000-0003-2310-3013","https://orcid.org/0000-0002-1267-0234","https://w3id.org/linkflows/reviews/ContentComment","https://w3id.org/linkflows/reviews/NeutralComment","https://w3id.org/linkflows/reviews/SuggestionComment","4",,"With a protein class in the object position and a gene in the context, this raises for me the question what it means for a protein to be in the context of a gene. Maybe a class like 'presence of TAR DNA binding protein' in object position might make it clearer? But I am not sure...","Whether we consider a protein in the context of a gene or the PRESENCE of the protein in that context is a subtle distinction whose need here eludes me. This requires further discussion.","https://w3id.org/linkflows/reviews/PartialAgreementComment","https://w3id.org/linkflows/reviews/PointNotAddressedComment"
"http://purl.org/np/RAab3-nhUKQnW98PX3N4FAd0jBx5SI3QLV3yXyIM8Yi34","http://purl.org/np/RAl1q8Wcan6qcYeek9WHXv736vuPJr3x-M9ZoeZNy6_x8","http://purl.org/np/RATc9O9tCdQPlrsJeGNsTNO0PbENIzdKa6XAOex7dXfrY","https://orcid.org/0000-0001-9079-039X","https://orcid.org/0000-0002-3357-9130","https://w3id.org/linkflows/reviews/ContentComment","https://w3id.org/linkflows/reviews/PositiveComment","https://w3id.org/linkflows/reviews/NoActionNeededComment","3",,"I agree with this formalization.","Thank you","https://w3id.org/linkflows/reviews/AgreementComment","https://w3id.org/linkflows/reviews/PointNotAddressedComment"
"http://purl.org/np/RAM4miJDGbzr0w1VV-8_rgks8JGr9g5yaDN3HoYo2H9T0","http://purl.org/np/RAulb_vr2ZUKLUBUhsx8RWC75c4UViIcLXaMMbn7z4JuE","http://purl.org/np/RATc9O9tCdQPlrsJeGNsTNO0PbENIzdKa6XAOex7dXfrY","https://orcid.org/0000-0001-9079-039X","https://orcid.org/0000-0002-1267-0234","https://w3id.org/linkflows/reviews/ContentComment","https://w3id.org/linkflows/reviews/NegativeComment","https://w3id.org/linkflows/reviews/ActionNeededComment","4",,"I find the context class 'Digital Humanities' a bit confusing, as it is unclear to me what the instances of this class are. WikiData is not always very precise about this, but the superpattern is. I believe that a context class like 'Digital Humanities research' (as mentioned in the label) would make more sense.","I agree that this can be confusing. In response to a formalization review comment (3), I added a new class 
""Digital humanities research""which is a subclass of the resource ""research"" in wikidata and related to the resource ""digital humanities"" in wikidata.","https://w3id.org/linkflows/reviews/AgreementComment","https://w3id.org/linkflows/reviews/PointAddressedComment"
"http://purl.org/np/RAz3TCPhy_mhUtC_rB92rVXbgIeR_YajTkNb7KVQD1Ny4","http://purl.org/np/RAkEKGauZLl4Vs9giLT5aqCJlAIzpD8Iu9MD8kMMgs70s","http://purl.org/np/RAPLWOEA5t6_Kx6vVHtibWm92pg1XTN6FIZdWuaTyoy9g","https://orcid.org/0000-0003-4727-9435","https://orcid.org/0000-0002-1267-0234","https://w3id.org/linkflows/reviews/ContentComment","https://w3id.org/linkflows/reviews/PositiveComment","https://w3id.org/linkflows/reviews/NoActionNeededComment","5",,"This looks like a very good formalization to me.","agreed. nothing to change","https://w3id.org/linkflows/reviews/AgreementComment","https://w3id.org/linkflows/reviews/PointAddressedComment"
"http://purl.org/np/RAl2f2FKNUC_iHDx793eYmLxUVHVnBYWdtgHiYuamA6Jw","http://purl.org/np/RA9KmNH-j6YINX5zo0Q-ykj8SfyW0c7HA-IK5qHxuf2gk","http://purl.org/np/RAGo62Hb_Bx1klF4pn1q1Ty40860e3A7Sz4hr2vojZ2wA","https://orcid.org/0000-0001-6501-0806","https://orcid.org/0000-0002-1267-0234","https://w3id.org/linkflows/reviews/ContentComment","https://w3id.org/linkflows/reviews/PositiveComment","https://w3id.org/linkflows/reviews/NoActionNeededComment","5",,"This looks like a very good formalization to me.","no modification requested","https://w3id.org/linkflows/reviews/AgreementComment","https://w3id.org/linkflows/reviews/PointAddressedComment"
"http://purl.org/np/RAhMzR9PZchCbjSdl_eUqVmuCWhXH_ePc3yF5M6xo8LrE","http://purl.org/np/RAlbgqbDxGI7DcECkLtvCoYCl0oC7JSjIM3Qmo6xsxU-U","http://purl.org/np/RAmfrSLt-WVQVNTrJi6IlNk3ZiQyYBds0NYGJpUEsPjfI","https://orcid.org/0000-0001-8004-0464","https://orcid.org/0000-0002-1267-0234","https://w3id.org/linkflows/reviews/ContentComment","https://w3id.org/linkflows/reviews/PositiveComment","https://w3id.org/linkflows/reviews/NoActionNeededComment","5",,"Overall, I think this is a very good formalization.","Thanks for the feedback","https://w3id.org/linkflows/reviews/AgreementComment","https://w3id.org/linkflows/reviews/PointNotAddressedComment"
"http://purl.org/np/RAri5k4yNvkDGx76pet5y4cJFIaRnM8Cb_wYtRtocicwo","http://purl.org/np/RAs-odsHvz6AqhLYAMELeRXsxbMiKb8f8NzMbxPyDba-Q","http://purl.org/np/RAmfrSLt-WVQVNTrJi6IlNk3ZiQyYBds0NYGJpUEsPjfI","https://orcid.org/0000-0001-8004-0464","https://orcid.org/0000-0003-4727-9435","https://w3id.org/linkflows/reviews/ContentComment","https://w3id.org/linkflows/reviews/PositiveComment","https://w3id.org/linkflows/reviews/NoActionNeededComment","1",,"looks good!","Thanks for the feedback","https://w3id.org/linkflows/reviews/AgreementComment","https://w3id.org/linkflows/reviews/PointNotAddressedComment"
"http://purl.org/np/RAR22eLK9Pv5jaxUSzU-nA8t6G5dB3aXjml_5nK0En9_E","http://purl.org/np/RAE1u4Tgwx0z1kDe1Mcsdn6KRLnomKlqRZFRrTaX-HBcM","http://purl.org/np/RAxxJWyH8OdTJLs-ZY1q5jVq1OWFNOoLFvwEcUFyR8EEo","https://orcid.org/0000-0003-2432-4125","https://orcid.org/0000-0002-8083-6048","https://w3id.org/linkflows/reviews/SyntaxComment","https://w3id.org/linkflows/reviews/NeutralComment","https://w3id.org/linkflows/reviews/ActionNeededComment","4",,"A provenance source is provided but it does not have the correct link. Instead of the article URL, the author should put the DOI in the form https://doi.org/10.1056/NEJMoa1502214. There is also a superfluous comma before the provenance URL.","the article link was updated as suggested","https://w3id.org/linkflows/reviews/AgreementComment","https://w3id.org/linkflows/reviews/PointAddressedComment"
"http://purl.org/np/RAXI_nW8Zlmww61UVHj6ElDn2-eKE9qmSVIjvT6oFFJ2k","http://purl.org/np/RALbwlXSd3y1WviWuEdITD87lSbTIY5r52sf1M5xz46YQ","http://purl.org/np/RAxxJWyH8OdTJLs-ZY1q5jVq1OWFNOoLFvwEcUFyR8EEo","https://orcid.org/0000-0003-2432-4125","https://orcid.org/0000-0002-3357-9130","https://w3id.org/linkflows/reviews/StyleComment","https://w3id.org/linkflows/reviews/PositiveComment","https://w3id.org/linkflows/reviews/NoActionNeededComment","2",,"I agree with the style adopted for this representation.","no action needed","https://w3id.org/linkflows/reviews/AgreementComment","https://w3id.org/linkflows/reviews/PointAddressedComment"
,"http://purl.org/np/RAS1chwiFRQKcwV_D5PeEKo0B1wiqvzfKCwyGRvabebyA","http://purl.org/np/RAIWvdnjqmOl2VP_eR2oFBxk97A_dw__FeusMzuRE9SIY","https://orcid.org/0000-0003-2310-3013","https://orcid.org/0000-0002-7114-6459","https://w3id.org/linkflows/reviews/ContentComment","https://w3id.org/linkflows/reviews/PositiveComment","https://w3id.org/linkflows/reviews/NoActionNeededComment","5","http://purl.org/np/RAIWvdnjqmOl2VP_eR2oFBxk97A_dw__FeusMzuRE9SIY#spi","The modeling of the formalization for the specific scientific claim looks good.",,,
,"http://purl.org/np/RAFiUTEjerOTBy0fscTQrTDDKoqaGBL3NXPxterEVMfs4","http://purl.org/np/RA5rRFy9eDTZSTyVeuTrAO7aCg_JPcq1cVmWWjc-kjFOM","https://orcid.org/0000-0003-1099-3328","https://orcid.org/0000-0002-7114-6459","https://w3id.org/linkflows/reviews/ContentComment","https://w3id.org/linkflows/reviews/PositiveComment","https://w3id.org/linkflows/reviews/NoActionNeededComment","5","http://purl.org/np/RA5rRFy9eDTZSTyVeuTrAO7aCg_JPcq1cVmWWjc-kjFOM#spi","The modelling of the formalization looks good.",,,
,"http://purl.org/np/RAOBLvwlzrROjza_vzDuMiG8Ea1qc0JISyoNFt8OJDk3M","http://purl.org/np/RA5rRFy9eDTZSTyVeuTrAO7aCg_JPcq1cVmWWjc-kjFOM","https://orcid.org/0000-0003-1099-3328","https://orcid.org/0000-0002-7114-6459","https://w3id.org/linkflows/reviews/ContentComment","https://w3id.org/linkflows/reviews/PositiveComment","https://w3id.org/linkflows/reviews/NoActionNeededComment","4","http://purl.org/np/RA5rRFy9eDTZSTyVeuTrAO7aCg_JPcq1cVmWWjc-kjFOM#provenance","The provenance is correct, the formalization is the result of a ""FormalizationActivity"" and the article and exact quote from the article of the scientific claim are present.",,,
,"http://purl.org/np/RA9B6Vj6uE6O9Uwjv5SLtxoA6CBCZONJgJ2LJUFhVHbDs","http://purl.org/np/RA2JlYTWhC4PuhqFITergBXYM0CdZ_H-uTJ751rOIntlU","https://orcid.org/0000-0001-9488-1870","https://orcid.org/0000-0002-7114-6459","https://w3id.org/linkflows/reviews/ContentComment","https://w3id.org/linkflows/reviews/NegativeComment","https://w3id.org/linkflows/reviews/ActionNeededComment","4","http://purl.org/np/RA2JlYTWhC4PuhqFITergBXYM0CdZ_H-uTJ751rOIntlU#provenance","The provenance of this formalization is a specific type of provenance, namely, it is the result of a ""formalization activity"". This should be used in the provenance field with all the corresponding details pertaining to this ""formalization activity"".",,,
,"http://purl.org/np/RAIBpY3_Ob-fGnTo23yCCu86P1KZzPNdqrime6sEHsUPU","http://purl.org/np/RA2JlYTWhC4PuhqFITergBXYM0CdZ_H-uTJ751rOIntlU","https://orcid.org/0000-0001-9488-1870","https://orcid.org/0000-0002-7114-6459","https://w3id.org/linkflows/reviews/ContentComment","https://w3id.org/linkflows/reviews/PositiveComment","https://w3id.org/linkflows/reviews/NoActionNeededComment","5","http://purl.org/np/RA2JlYTWhC4PuhqFITergBXYM0CdZ_H-uTJ751rOIntlU#assertion","The formalization in the assertion reflects very well the chosen scientific claim.",,,
,"http://purl.org/np/RARduGmw6u6XKRLA5nJyNp-B1GsIcgJAqW0GW5TkwLiMs","http://purl.org/np/RA2JlYTWhC4PuhqFITergBXYM0CdZ_H-uTJ751rOIntlU","https://orcid.org/0000-0001-9488-1870","https://orcid.org/0000-0002-7114-6459","https://w3id.org/linkflows/reviews/StyleComment","https://w3id.org/linkflows/reviews/NeutralComment","https://w3id.org/linkflows/reviews/SuggestionComment","1","http://purl.org/np/RA2JlYTWhC4PuhqFITergBXYM0CdZ_H-uTJ751rOIntlU#spi","A small thing: to start the sentence containing the scientific claim with an uppercase letter.",,,
,"http://purl.org/np/RA38HSbTw9IinK2q_4lp3aDhh-Jw7fASYLE-Vq3NrD--0","http://purl.org/np/RA2JlYTWhC4PuhqFITergBXYM0CdZ_H-uTJ751rOIntlU","https://orcid.org/0000-0001-9488-1870","https://orcid.org/0000-0002-1267-0234","https://w3id.org/linkflows/reviews/ContentComment","https://w3id.org/linkflows/reviews/NegativeComment","https://w3id.org/linkflows/reviews/ActionNeededComment","4","http://purl.org/np/RA2JlYTWhC4PuhqFITergBXYM0CdZ_H-uTJ751rOIntlU#provenance","The provenance part should use the template 'generated from a formalization activity'.",,,
,"http://purl.org/np/RAwcS7tG-K9nhhDd2eAtKtHt5GwIhYUcA1no9v5scoU8E","http://purl.org/np/RAWCmrfeUUoh1tOl_7qFYoWgrYeonmX4FzAFboCSEoL-s","https://orcid.org/0000-0002-0519-7776","https://orcid.org/0000-0001-8004-0464","https://w3id.org/linkflows/reviews/SyntaxComment","https://w3id.org/linkflows/reviews/NeutralComment","https://w3id.org/linkflows/reviews/SuggestionComment","1","http://purl.org/np/RAuLZtfsHn3NGe0Md8lLNvYmBseEtW9v1rVUVfJCpJYUE#patient_undergoing_PCI","Maybe changing the ""_"" into a ""-"" for newly generated classes",,,
,"http://purl.org/np/RA_piT7JTF1kFBGqZnYKVswtQamhCy8Edj4eiA0Zatvv0","http://purl.org/np/RAWCmrfeUUoh1tOl_7qFYoWgrYeonmX4FzAFboCSEoL-s","https://orcid.org/0000-0002-0519-7776","https://orcid.org/0000-0002-7114-6459","https://w3id.org/linkflows/reviews/ContentComment","https://w3id.org/linkflows/reviews/NegativeComment","https://w3id.org/linkflows/reviews/ActionNeededComment","2","http://purl.org/np/RAWCmrfeUUoh1tOl_7qFYoWgrYeonmX4FzAFboCSEoL-s#quote","I believe the exact quote from the article of the scientific claim is ""Our data show that pharmacogenomics-guided clopidogrel treatment strategy may represent a cost-effective choice compared with non-pharmacogenomics-guided strategy for patients undergoing PCI."" and not the actual scientific claim stated there, which is a reformulation of this phrase from the article.",,,
,"http://purl.org/np/RAnF0KQ5CGBjL-pWk37fg2DXMkgZuzgDNvXnD7wPaTZjY","http://purl.org/np/RAWCmrfeUUoh1tOl_7qFYoWgrYeonmX4FzAFboCSEoL-s","https://orcid.org/0000-0002-0519-7776","https://orcid.org/0000-0002-7114-6459","https://w3id.org/linkflows/reviews/ContentComment","https://w3id.org/linkflows/reviews/PositiveComment","https://w3id.org/linkflows/reviews/NoActionNeededComment","3","http://purl.org/np/RAWCmrfeUUoh1tOl_7qFYoWgrYeonmX4FzAFboCSEoL-s#provenance","The provenance of this formalization is indeed a special type of activity named ""FormalizationActivity"". So, this is a good chouce for the provenance field.",,,
,"http://purl.org/np/RApSKKPqmRuMaLZBWtWN9X-xqWxieDg2VmWq1HySMnD-k","http://purl.org/np/RAWCmrfeUUoh1tOl_7qFYoWgrYeonmX4FzAFboCSEoL-s","https://orcid.org/0000-0002-0519-7776","https://orcid.org/0000-0002-7114-6459","https://w3id.org/linkflows/reviews/ContentComment","https://w3id.org/linkflows/reviews/PositiveComment","https://w3id.org/linkflows/reviews/NoActionNeededComment","5","http://purl.org/np/RAWCmrfeUUoh1tOl_7qFYoWgrYeonmX4FzAFboCSEoL-s#spi","I believe the modelling of the formalization reflects the content of the scientific claim very well.",,,
,"http://purl.org/np/RAwcS7tG-K9nhhDd2eAtKtHt5GwIhYUcA1no9v5scoU8E","http://purl.org/np/RAWCmrfeUUoh1tOl_7qFYoWgrYeonmX4FzAFboCSEoL-s","https://orcid.org/0000-0002-0519-7776","https://orcid.org/0000-0001-8004-0464","https://w3id.org/linkflows/reviews/SyntaxComment","https://w3id.org/linkflows/reviews/NeutralComment","https://w3id.org/linkflows/reviews/SuggestionComment","1","http://purl.org/np/RAjD4-Q2kO_cIUE52rde2uWbV3RtuCR90geXW90il2YX4#cost-effective_treatment","Maybe changing the ""_"" into a ""-"" for newly generated classes",,,
,"http://purl.org/np/RAwcS7tG-K9nhhDd2eAtKtHt5GwIhYUcA1no9v5scoU8E","http://purl.org/np/RAWCmrfeUUoh1tOl_7qFYoWgrYeonmX4FzAFboCSEoL-s","https://orcid.org/0000-0002-0519-7776","https://orcid.org/0000-0001-8004-0464","https://w3id.org/linkflows/reviews/SyntaxComment","https://w3id.org/linkflows/reviews/NeutralComment","https://w3id.org/linkflows/reviews/SuggestionComment","1","http://purl.org/np/RAvOAyEg-J8ynmZNrkCgg5XqGuqRo-dXcGFvgDLxtY6ck#pharmacogenomics_guided_clopidogrel_therapy","Maybe changing the ""_"" into a ""-"" for newly generated classes",,,
,"http://purl.org/np/RAUIRPBS5xg8wc9LR6s4kiuTf5kSkyYlaHqIAO6LCqHMY","http://purl.org/np/RAjk3YoNydLhbuD4BV9FD21ecELazvZibHHM7IXtJd-4A","https://orcid.org/0000-0002-8083-6048","https://orcid.org/0000-0002-1267-0234","https://w3id.org/linkflows/reviews/ContentComment","https://w3id.org/linkflows/reviews/NegativeComment","https://w3id.org/linkflows/reviews/ActionNeededComment","4",,"Looking at this again, I think this formalization can be made more precise (and in a way simpler) by not using the universal context, but instead biodiversity data (Q28946370) as context and data reuse (Q58023280) as object.",,,
,"http://purl.org/np/RAZQ8pshLDm1v2imvtF2apl9rAP0MjeCpD0kZ6ky6mV24","http://purl.org/np/RA5rRFy9eDTZSTyVeuTrAO7aCg_JPcq1cVmWWjc-kjFOM","https://orcid.org/0000-0003-1099-3328","https://orcid.org/0000-0002-1267-0234","https://w3id.org/linkflows/reviews/ContentComment","https://w3id.org/linkflows/reviews/PositiveComment","https://w3id.org/linkflows/reviews/NoActionNeededComment","5",,"Apart from the object class link, this is a very convincing formalization.",,,
,"http://purl.org/np/RA7k6cVTww-PUNrhFom4tp379xF9R4bB7O68igHo-4E1E","http://purl.org/np/RA5rRFy9eDTZSTyVeuTrAO7aCg_JPcq1cVmWWjc-kjFOM","https://orcid.org/0000-0003-1099-3328","https://orcid.org/0000-0002-3357-9130","https://w3id.org/linkflows/reviews/ContentComment","https://w3id.org/linkflows/reviews/NeutralComment","https://w3id.org/linkflows/reviews/NoActionNeededComment","1",,"The content of this formalization looks good.",,,
,"http://purl.org/np/RAGIam9RdG-5otB3CCwDNg1h8pMjUS1Qy4cOLXRlnffjo","http://purl.org/np/RA2JlYTWhC4PuhqFITergBXYM0CdZ_H-uTJ751rOIntlU","https://orcid.org/0000-0001-9488-1870","https://orcid.org/0000-0002-1267-0234","https://w3id.org/linkflows/reviews/ContentComment","https://w3id.org/linkflows/reviews/PositiveComment","https://w3id.org/linkflows/reviews/NoActionNeededComment","4",,"Very nice that all classes are defined in WikiData.",,,
,"http://purl.org/np/RAopcyinEZK-YeTDygVClnLSOcEa-ui-PLtoZToQetNa8","http://purl.org/np/RA2JlYTWhC4PuhqFITergBXYM0CdZ_H-uTJ751rOIntlU","https://orcid.org/0000-0001-9488-1870","https://orcid.org/0000-0002-1267-0234","https://w3id.org/linkflows/reviews/ContentComment","https://w3id.org/linkflows/reviews/PositiveComment","https://w3id.org/linkflows/reviews/NoActionNeededComment","5",,"The formalization looks solid to me.",,,
,"http://purl.org/np/RA3d1wNhyQRILFaCc4WVBXd12ne3pJ-a9NHSGDWiScLJk","http://purl.org/np/RA2JlYTWhC4PuhqFITergBXYM0CdZ_H-uTJ751rOIntlU","https://orcid.org/0000-0001-9488-1870","https://orcid.org/0000-0003-4727-9435","https://w3id.org/linkflows/reviews/ContentComment","https://w3id.org/linkflows/reviews/NeutralComment","https://w3id.org/linkflows/reviews/NoActionNeededComment","1",,"Good formalization of an existing scientific paper with a wikipedia identifier. This also raises the question as to how publications should be referenced - e.g. by their DOI, pubmed, or indeed a wikipedia ID.",,,
,"http://purl.org/np/RAqj2d3QxMBAvsKYuXlcHCLYq7DZ34GiSbUd5biYUItmk","http://purl.org/np/RAWCmrfeUUoh1tOl_7qFYoWgrYeonmX4FzAFboCSEoL-s","https://orcid.org/0000-0002-0519-7776","https://orcid.org/0000-0002-3357-9130","https://w3id.org/linkflows/reviews/ContentComment","https://w3id.org/linkflows/reviews/PositiveComment","https://w3id.org/linkflows/reviews/NoActionNeededComment","3",,"Good claim representation",,,
,"http://purl.org/np/RAm04lBKr6LoOoqyfBw89BEyIZBGrdeLYSU-l1mDdh6wM","http://purl.org/np/RAWCmrfeUUoh1tOl_7qFYoWgrYeonmX4FzAFboCSEoL-s","https://orcid.org/0000-0002-0519-7776","https://orcid.org/0000-0002-1267-0234","https://w3id.org/linkflows/reviews/ContentComment","https://w3id.org/linkflows/reviews/PositiveComment","https://w3id.org/linkflows/reviews/NoActionNeededComment","5",,"This looks like a good formalization to me.",,,
,"http://purl.org/np/RALWxVELKuqrkcO9ud2eXr0E2-ot5bl-0NpOIQi1ktrgI","http://purl.org/np/RAWCmrfeUUoh1tOl_7qFYoWgrYeonmX4FzAFboCSEoL-s","https://orcid.org/0000-0002-0519-7776","https://orcid.org/0000-0002-1267-0234","https://w3id.org/linkflows/reviews/SyntaxComment","https://w3id.org/linkflows/reviews/PositiveComment","https://w3id.org/linkflows/reviews/NoActionNeededComment","2",,"Referring to another reviewer's comments, I think having underscores '_' instead of hythens '-' for class URIs is perfectly fine. So, I think no action is required on this.",,,
,"http://purl.org/np/RA5lHmfiYfk5-_NiI8wT_ck-yOhcauUfzU8JWlXTNWvm0","http://purl.org/np/RAc5YYnYevWeUd1igtqMi_eKGVhxVj7IBZ9mTY8-aCNlI","https://orcid.org/0000-0002-7114-6459","https://orcid.org/0000-0002-7114-6459","https://w3id.org/linkflows/reviews/ContentComment","https://w3id.org/linkflows/reviews/NegativeComment","https://w3id.org/linkflows/reviews/ActionNeededComment","5","https://w3id.org/linkflows/superpattern/terms/hasQualifier","The qualifier should be ""frequently"" instead of ""generally"".",,,
,"http://purl.org/np/RA5Y6zgm_H4vBAFLKkwsLkRdxwE90YkSQ5Pq_YQXA7ERE","http://purl.org/np/RAc5YYnYevWeUd1igtqMi_eKGVhxVj7IBZ9mTY8-aCNlI","https://orcid.org/0000-0002-7114-6459","https://orcid.org/0000-0002-7114-6459","https://w3id.org/linkflows/reviews/ContentComment","https://w3id.org/linkflows/reviews/PositiveComment","https://w3id.org/linkflows/reviews/NoActionNeededComment","5","http://purl.org/np/RAc5YYnYevWeUd1igtqMi_eKGVhxVj7IBZ9mTY8-aCNlI#assertion","The general structure of the formalization is good.",,,
,"http://purl.org/np/RApW7pD3e_EaM9sbgRRd9YXbtwghe-d-eGJkzdpyPCyHo","http://purl.org/np/RAc5YYnYevWeUd1igtqMi_eKGVhxVj7IBZ9mTY8-aCNlI","https://orcid.org/0000-0002-7114-6459","https://orcid.org/0000-0002-7114-6459","https://w3id.org/linkflows/reviews/ContentComment","https://w3id.org/linkflows/reviews/NegativeComment","https://w3id.org/linkflows/reviews/ActionNeededComment","4","http://purl.org/np/RAc5YYnYevWeUd1igtqMi_eKGVhxVj7IBZ9mTY8-aCNlI#provenance","The provenance of this nanopublication should be a FormalizationActivity and all the fields should be filled in in an appropriate manner: the link to the article, formalization author orcid, the exact quote from the article that contains the scientific claim.",,,
