"review_np","subm_np","author","reviewer","aspect","pos","action","imp","mention","text"
"http://purl.org/np/RAwcS7tG-K9nhhDd2eAtKtHt5GwIhYUcA1no9v5scoU8E","http://purl.org/np/RAWCmrfeUUoh1tOl_7qFYoWgrYeonmX4FzAFboCSEoL-s","https://orcid.org/0000-0002-0519-7776","https://orcid.org/0000-0001-8004-0464","https://w3id.org/linkflows/reviews/SyntaxComment","https://w3id.org/linkflows/reviews/NeutralComment","https://w3id.org/linkflows/reviews/SuggestionComment","1","http://purl.org/np/RAuLZtfsHn3NGe0Md8lLNvYmBseEtW9v1rVUVfJCpJYUE#patient_undergoing_PCI","Maybe changing the ""_"" into a ""-"" for newly generated classes"
"http://purl.org/np/RAwcS7tG-K9nhhDd2eAtKtHt5GwIhYUcA1no9v5scoU8E","http://purl.org/np/RAWCmrfeUUoh1tOl_7qFYoWgrYeonmX4FzAFboCSEoL-s","https://orcid.org/0000-0002-0519-7776","https://orcid.org/0000-0001-8004-0464","https://w3id.org/linkflows/reviews/SyntaxComment","https://w3id.org/linkflows/reviews/NeutralComment","https://w3id.org/linkflows/reviews/SuggestionComment","1","http://purl.org/np/RAjD4-Q2kO_cIUE52rde2uWbV3RtuCR90geXW90il2YX4#cost-effective_treatment","Maybe changing the ""_"" into a ""-"" for newly generated classes"
"http://purl.org/np/RAwcS7tG-K9nhhDd2eAtKtHt5GwIhYUcA1no9v5scoU8E","http://purl.org/np/RAWCmrfeUUoh1tOl_7qFYoWgrYeonmX4FzAFboCSEoL-s","https://orcid.org/0000-0002-0519-7776","https://orcid.org/0000-0001-8004-0464","https://w3id.org/linkflows/reviews/SyntaxComment","https://w3id.org/linkflows/reviews/NeutralComment","https://w3id.org/linkflows/reviews/SuggestionComment","1","http://purl.org/np/RAvOAyEg-J8ynmZNrkCgg5XqGuqRo-dXcGFvgDLxtY6ck#pharmacogenomics_guided_clopidogrel_therapy","Maybe changing the ""_"" into a ""-"" for newly generated classes"
"http://purl.org/np/RAM0AF2wYX0vr9wXf1svfJRL0_PhceAnWVb6VVTXunA7U","http://purl.org/np/RAPLWOEA5t6_Kx6vVHtibWm92pg1XTN6FIZdWuaTyoy9g","https://orcid.org/0000-0003-4727-9435","https://orcid.org/0000-0001-8004-0464","https://w3id.org/linkflows/reviews/ContentComment","https://w3id.org/linkflows/reviews/NegativeComment","https://w3id.org/linkflows/reviews/ActionNeededComment","4","http://purl.org/np/RAPLWOEA5t6_Kx6vVHtibWm92pg1XTN6FIZdWuaTyoy9g#provenance","A link to a publication might be useful to be added in the provenance"
"http://purl.org/np/RAQTRlVBNlJZj7PvwVwpt3HBq56n30DbcIWJZeogGEJvs","http://purl.org/np/RASZZ5T1Ca5gpCMPubKoypR_0WcSUkHiMaADu9o1BS1Xs","https://orcid.org/0000-0002-0830-7029","https://orcid.org/0000-0001-8004-0464","https://w3id.org/linkflows/reviews/ContentComment","https://w3id.org/linkflows/reviews/NegativeComment","https://w3id.org/linkflows/reviews/ActionNeededComment","4","http://purl.org/np/RASZZ5T1Ca5gpCMPubKoypR_0WcSUkHiMaADu9o1BS1Xs#provenance","There is no link to the original publication"
"http://purl.org/np/RAZdY-WdpmVRAUyjgdEGhFDG2mD-j8xg1I27hNIQGkltw","http://purl.org/np/RAGo62Hb_Bx1klF4pn1q1Ty40860e3A7Sz4hr2vojZ2wA","https://orcid.org/0000-0001-6501-0806","https://orcid.org/0000-0001-9079-039X","https://w3id.org/linkflows/reviews/SyntaxComment","https://w3id.org/linkflows/reviews/NegativeComment","https://w3id.org/linkflows/reviews/SuggestionComment","1","http://purl.org/np/RAGo62Hb_Bx1klF4pn1q1Ty40860e3A7Sz4hr2vojZ2wA#spi","The label of the spi has a small typo or encoding error:  it now appears as STX1[NON-PRINTABLE-CHARACTER]B rather than STX1B. I suggest changing that"
"http://purl.org/np/RA9jFuc0wOvjd8Tis5w09VDMnwWwGQaUoqqDV2665acHI","http://purl.org/np/RATc9O9tCdQPlrsJeGNsTNO0PbENIzdKa6XAOex7dXfrY","https://orcid.org/0000-0001-9079-039X","https://orcid.org/0000-0002-0191-7211","https://w3id.org/linkflows/reviews/ContentComment","https://w3id.org/linkflows/reviews/NeutralComment","https://w3id.org/linkflows/reviews/NoActionNeededComment","3","http://server.nanopubs.lod.labs.vu.nl/RATc9O9tCdQPlrsJeGNsTNO0PbENIzdKa6XAOex7dXfrY#provenance","I cannot find the original quote 'In the context of Digital Humanities research, usage of the Linked Data Scopes ontology contributes to transparency of the research.' in the given paper https://link.springer.com/chapter/10.1007%2F978-3-030-71903-6_32"
"http://purl.org/np/RAZILddOsbnRuIyfpgRsEPSBdwJB6VVZexDnSK5OGfWiY","http://purl.org/np/RAPLWOEA5t6_Kx6vVHtibWm92pg1XTN6FIZdWuaTyoy9g","https://orcid.org/0000-0003-4727-9435","https://orcid.org/0000-0002-0191-7211","https://w3id.org/linkflows/reviews/ContentComment","https://w3id.org/linkflows/reviews/PositiveComment","https://w3id.org/linkflows/reviews/NoActionNeededComment","1","http://server.nanopubs.lod.labs.vu.nl/RAFQovt9yQD7nZ2tdZ9_Uhpb7CsfT3k64pK7dh63xd-50#assertion","Thanks for adding the class as automatic discovery is missing in Wikidata."
"http://purl.org/np/RAS-uQZear9RltSQHw4wUJN-Rspq0VrnSD616wvEg2Hfg","http://purl.org/np/RAjk3YoNydLhbuD4BV9FD21ecELazvZibHHM7IXtJd-4A","https://orcid.org/0000-0002-8083-6048","https://orcid.org/0000-0002-0191-7211","https://w3id.org/linkflows/reviews/ContentComment","https://w3id.org/linkflows/reviews/NeutralComment","https://w3id.org/linkflows/reviews/SuggestionComment","4","https://w3id.org/linkflows/superpattern/terms/generallyQualifier","Since it is a legal issue, wouldn't https://w3id.org/linkflows/superpattern/latest/alwaysQualifier work better?"
"http://purl.org/np/RAv2_GJH4PbaapFo6skynYinV9FFOEB9kPGw47HxC6IzI","http://purl.org/np/RAWcrMY8mnsI26BfokKid75MO1c2uVenyW9tmxj0VhbnY","https://orcid.org/0000-0002-8083-6048","https://orcid.org/0000-0002-0191-7211","https://w3id.org/linkflows/reviews/SyntaxComment","https://w3id.org/linkflows/reviews/PositiveComment","https://w3id.org/linkflows/reviews/NoActionNeededComment","1","http://server.nanopubs.lod.labs.vu.nl/RAEpHUXRKtaLE3Z24sgIUdaxwTBsK2bjshyq9yF00145Y#semantic-triples-extracted-from-biodiversity-literature","I learned a lot from this formalization. In particular, about nesting object classes."
"http://purl.org/np/RAVOvkxhwJyssN0QGAwwEkDLhJSyftqp9U-pp4aCHWIl8","http://purl.org/np/RAYJe1ruxzvy8idQGuxziYN4ri8OFeKZxzK-QdJPvDug0","https://orcid.org/0000-0002-0191-7211","https://orcid.org/0000-0003-4727-9435","https://w3id.org/linkflows/reviews/ContentComment","https://w3id.org/linkflows/reviews/NegativeComment","https://w3id.org/linkflows/reviews/SuggestionComment","3","http://server.nanopubs.lod.labs.vu.nl/RAIwMZ0StXU9DCY1WGoJMwD2NAc30mijCb0FML8TXIB0Y#relative-neocortex-size","while this class nanopub is a subclass of size from wikipedia, it doesn't make a formal relation to the neocortex (e.g. that it specifically an attribute of the neocortex). thus, the class formalization could be improved."
"http://purl.org/np/RA3bgMLuZraOIlR0MkZATsU_eFtfym5V3kPkGqzXrWykg","http://purl.org/np/RASZZ5T1Ca5gpCMPubKoypR_0WcSUkHiMaADu9o1BS1Xs","https://orcid.org/0000-0002-0830-7029","https://orcid.org/0000-0003-4727-9435","https://w3id.org/linkflows/reviews/ContentComment","https://w3id.org/linkflows/reviews/NeutralComment","https://w3id.org/linkflows/reviews/ActionNeededComment","2","http://purl.org/np/RACS5sSm45MGbuJrztnPrpdu1AuLiKxDni-6JcKzN5ZtM#bulk","The subject class has a related to sub:bulk, but this is undefined in the subject class nanopublication."
"http://purl.org/np/RAcOHD6Srpn9Fm0pR0OeprCklZYJj4THRcOcHT3Wj0oEE","http://purl.org/np/RASZZ5T1Ca5gpCMPubKoypR_0WcSUkHiMaADu9o1BS1Xs","https://orcid.org/0000-0002-0830-7029","https://orcid.org/0000-0003-4727-9435","https://w3id.org/linkflows/reviews/ContentComment","https://w3id.org/linkflows/reviews/NegativeComment","https://w3id.org/linkflows/reviews/ActionNeededComment","2","http://server.nanopubs.lod.labs.vu.nl/RAXecDWH8gZVp7FZRP1m_Fg6EXH_uoZGhKN9blfN9lrfI#ecm-bound-cancer-cell","The class 'cancer cell engaged in extracellular matrix' is defined as an intersection between 'extracellular matrix' and 'cancer cell'. But these two things are different, and cannot be formally intersected. instead, I might suggest that the subject type is a cancer cell that has a relation of 'located in' to an 'extracellular matrix'"
"http://purl.org/np/RAfnoWhgpCJFcgNOTQ0QE0cTGdIUPZmsvJfNNAQl9asxw","http://purl.org/np/RASZZ5T1Ca5gpCMPubKoypR_0WcSUkHiMaADu9o1BS1Xs","https://orcid.org/0000-0002-0830-7029","https://orcid.org/0000-0002-7114-6459","https://w3id.org/linkflows/reviews/ContentComment","https://w3id.org/linkflows/reviews/NegativeComment","https://w3id.org/linkflows/reviews/ActionNeededComment","3","http://purl.org/np/RASZZ5T1Ca5gpCMPubKoypR_0WcSUkHiMaADu9o1BS1Xs#provenance","The correct provenance here is a ""FormalizationActivity"", as the formalization was derived after such a specific activity. There the original article (https://www.nature.com/articles/nature13535) and the exact quote from the article that contained the scientific claim, together with the ORCID of the creator(s) should be specified."
"http://purl.org/np/RArrv081fT5rlRJhL6a-Ncimgzlp06badGVDj7kMQOZOE","http://purl.org/np/RAYJe1ruxzvy8idQGuxziYN4ri8OFeKZxzK-QdJPvDug0","https://orcid.org/0000-0002-0191-7211","https://orcid.org/0000-0002-7114-6459","https://w3id.org/linkflows/reviews/ContentComment","https://w3id.org/linkflows/reviews/NegativeComment","https://w3id.org/linkflows/reviews/ActionNeededComment","3","http://purl.org/np/RAYJe1ruxzvy8idQGuxziYN4ri8OFeKZxzK-QdJPvDug0#provenance","The provenance of the formalization needs to be a ""FormalizationActivity"", but at the moment the ""sub:quote"" field is missing. There a link to the article from which the scientific claim was taken needs to be specified (""sub:quote prov:wasQuotedFrom <https://royalsocietypublishing.org/doi/10.1098/rsbl.2021.0158>""), together with the quote from the article from which the scientific claim was derived (""sub:quote prov:value ""add phrase from original article from which the scientific claim was extracted or rephrased"" "")."
"http://purl.org/np/RA7e61cJDtKZCRpIrygSht_h8hp7kte2CdM1OtMiQzyBc","http://purl.org/np/RAWcrMY8mnsI26BfokKid75MO1c2uVenyW9tmxj0VhbnY","https://orcid.org/0000-0002-8083-6048","https://orcid.org/0000-0002-7114-6459","https://w3id.org/linkflows/reviews/ContentComment","https://w3id.org/linkflows/reviews/PositiveComment","https://w3id.org/linkflows/reviews/NoActionNeededComment","4","http://purl.org/np/RAWcrMY8mnsI26BfokKid75MO1c2uVenyW9tmxj0VhbnY#provenance","The provenance of the formalization is the result of a ""FormalizationAcitvity"", which is correctly chosen and filled in."
"http://purl.org/np/RATnFOH121UVN_q4-PYwL98l_XRFhUb0PGb_hiSGnRD3A","http://purl.org/np/RAjk3YoNydLhbuD4BV9FD21ecELazvZibHHM7IXtJd-4A","https://orcid.org/0000-0002-8083-6048","https://orcid.org/0000-0002-7114-6459","https://w3id.org/linkflows/reviews/ContentComment","https://w3id.org/linkflows/reviews/PositiveComment","https://w3id.org/linkflows/reviews/NoActionNeededComment","4","http://purl.org/np/RAjk3YoNydLhbuD4BV9FD21ecELazvZibHHM7IXtJd-4A#provenance","The provenance of the formalization is a ""FormalizationActivity"" as was correctly chosen and filled in."
"http://purl.org/np/RAU_qtmakLsaxm2FkyTFgwP2bDHHBGZk9GBDeT0JAfGm8","http://purl.org/np/RAjk3YoNydLhbuD4BV9FD21ecELazvZibHHM7IXtJd-4A","https://orcid.org/0000-0002-8083-6048","https://orcid.org/0000-0002-7114-6459","https://w3id.org/linkflows/reviews/ContentComment","https://w3id.org/linkflows/reviews/NeutralComment","https://w3id.org/linkflows/reviews/NoActionNeededComment","1","http://purl.org/np/RAjk3YoNydLhbuD4BV9FD21ecELazvZibHHM7IXtJd-4A#activity","The provenance indicates that this is a joint-authored formalization."
"http://purl.org/np/RAuw7Fo-S515A2z48B0fxQBxerj6EQCn5qFLKGQgkZpf0","http://purl.org/np/RAjk3YoNydLhbuD4BV9FD21ecELazvZibHHM7IXtJd-4A","https://orcid.org/0000-0002-8083-6048","https://orcid.org/0000-0002-7114-6459","https://w3id.org/linkflows/reviews/StyleComment","https://w3id.org/linkflows/reviews/PositiveComment","https://w3id.org/linkflows/reviews/NoActionNeededComment","3","http://purl.org/np/RAjk3YoNydLhbuD4BV9FD21ecELazvZibHHM7IXtJd-4A#spi","The rephrasing of the scientific claim is clear and in an AIDA-form."
"http://purl.org/np/RA-PZUIhvhl__00ef62icnjpY_LPYPOIssulmbR31c4i8","http://purl.org/np/RAsdV8EQ1qn_lXOrgoG7mPaF1JXdFLzt2iYy4eMhMMuM4","https://orcid.org/0000-0002-7770-620X","https://orcid.org/0000-0002-7114-6459","https://w3id.org/linkflows/reviews/ContentComment","https://w3id.org/linkflows/reviews/NeutralComment","https://w3id.org/linkflows/reviews/SuggestionComment","2","http://purl.org/np/RAsdV8EQ1qn_lXOrgoG7mPaF1JXdFLzt2iYy4eMhMMuM4#spi","I have some doubts about the context class used, as I am not sure if, from a biological point of view, the interpretation of the formalization makes sense."
"http://purl.org/np/RARduGmw6u6XKRLA5nJyNp-B1GsIcgJAqW0GW5TkwLiMs","http://purl.org/np/RA2JlYTWhC4PuhqFITergBXYM0CdZ_H-uTJ751rOIntlU","https://orcid.org/0000-0001-9488-1870","https://orcid.org/0000-0002-7114-6459","https://w3id.org/linkflows/reviews/StyleComment","https://w3id.org/linkflows/reviews/NeutralComment","https://w3id.org/linkflows/reviews/SuggestionComment","1","http://purl.org/np/RA2JlYTWhC4PuhqFITergBXYM0CdZ_H-uTJ751rOIntlU#spi","A small thing: to start the sentence containing the scientific claim with an uppercase letter."
"http://purl.org/np/RAi3F4Zuw82UXdKRaGgjoBWujM1kfHxMVVJFkem1pFHhw","http://purl.org/np/RAGo62Hb_Bx1klF4pn1q1Ty40860e3A7Sz4hr2vojZ2wA","https://orcid.org/0000-0001-6501-0806","https://orcid.org/0000-0002-7114-6459","https://w3id.org/linkflows/reviews/StyleComment","https://w3id.org/linkflows/reviews/NegativeComment","https://w3id.org/linkflows/reviews/ActionNeededComment","1","http://purl.org/np/RAGo62Hb_Bx1klF4pn1q1Ty40860e3A7Sz4hr2vojZ2wA#spi","The scientific claim ""mutations in STX1[NON-PRINTABLE-CHARACTER]B are associated with epilepsy"" contains an unknown or wrong character for the ""STX1[NON-PRINTABLE-CHARACTER]B"" subunit. This should be corrected."
"http://purl.org/np/RAkh8i194_QadxVVIVMWMzfOyXz9D_3gKiUR4mxn-mM8I","http://purl.org/np/RAGo62Hb_Bx1klF4pn1q1Ty40860e3A7Sz4hr2vojZ2wA","https://orcid.org/0000-0001-6501-0806","https://orcid.org/0000-0002-7114-6459","https://w3id.org/linkflows/reviews/ContentComment","https://w3id.org/linkflows/reviews/PositiveComment","https://w3id.org/linkflows/reviews/NoActionNeededComment","5","http://purl.org/np/RAGo62Hb_Bx1klF4pn1q1Ty40860e3A7Sz4hr2vojZ2wA#spi","The modelling of the formalization looks good."
"http://purl.org/np/RAiVA25Dj5oyJtyGmVIpLd57TeDJcy6kz5Q7P_WbuMOBI","http://purl.org/np/RASZZ5T1Ca5gpCMPubKoypR_0WcSUkHiMaADu9o1BS1Xs","https://orcid.org/0000-0002-0830-7029","https://orcid.org/0000-0002-7114-6459","https://w3id.org/linkflows/reviews/ContentComment","https://w3id.org/linkflows/reviews/PositiveComment","https://w3id.org/linkflows/reviews/NoActionNeededComment","5","http://purl.org/np/RASZZ5T1Ca5gpCMPubKoypR_0WcSUkHiMaADu9o1BS1Xs#spi","The modelling of the formalization is good."
"http://purl.org/np/RApSKKPqmRuMaLZBWtWN9X-xqWxieDg2VmWq1HySMnD-k","http://purl.org/np/RAWCmrfeUUoh1tOl_7qFYoWgrYeonmX4FzAFboCSEoL-s","https://orcid.org/0000-0002-0519-7776","https://orcid.org/0000-0002-7114-6459","https://w3id.org/linkflows/reviews/ContentComment","https://w3id.org/linkflows/reviews/PositiveComment","https://w3id.org/linkflows/reviews/NoActionNeededComment","5","http://purl.org/np/RAWCmrfeUUoh1tOl_7qFYoWgrYeonmX4FzAFboCSEoL-s#spi","I believe the modelling of the formalization reflects the content of the scientific claim very well."
"http://purl.org/np/RARu0NIs9zVJw6hm-IF2X-FT84wOEvpgLxnfCeBi94s1s","http://purl.org/np/RAYJe1ruxzvy8idQGuxziYN4ri8OFeKZxzK-QdJPvDug0","https://orcid.org/0000-0002-0191-7211","https://orcid.org/0000-0002-7114-6459","https://w3id.org/linkflows/reviews/ContentComment","https://w3id.org/linkflows/reviews/PositiveComment","https://w3id.org/linkflows/reviews/NoActionNeededComment","5","http://purl.org/np/RAYJe1ruxzvy8idQGuxziYN4ri8OFeKZxzK-QdJPvDug0#spi","The modelling of the formalization seems to reflect well the content of the scientific claim."
"http://purl.org/np/RAlfwCE-scqpM-dRmws8nlsgueZLmaq__NIzVW5Rui71M","http://purl.org/np/RAmfrSLt-WVQVNTrJi6IlNk3ZiQyYBds0NYGJpUEsPjfI","https://orcid.org/0000-0001-8004-0464","https://orcid.org/0000-0002-7114-6459","https://w3id.org/linkflows/reviews/ContentComment","https://w3id.org/linkflows/reviews/PositiveComment","https://w3id.org/linkflows/reviews/NoActionNeededComment","5","http://purl.org/np/RAmfrSLt-WVQVNTrJi6IlNk3ZiQyYBds0NYGJpUEsPjfI#spi","The modelling of the formalization is very good."
"http://purl.org/np/RAorOLuZlfyIYI0GypT2_X-Z7Ern_E-P5YieLFu-xSB1s","http://purl.org/np/RAxxJWyH8OdTJLs-ZY1q5jVq1OWFNOoLFvwEcUFyR8EEo","https://orcid.org/0000-0003-2432-4125","https://orcid.org/0000-0002-7114-6459","https://w3id.org/linkflows/reviews/ContentComment","https://w3id.org/linkflows/reviews/NegativeComment","https://w3id.org/linkflows/reviews/ActionNeededComment","4","http://purl.org/np/RAxxJWyH8OdTJLs-ZY1q5jVq1OWFNOoLFvwEcUFyR8EEo#spi","The scientific claim does not seem to be atomic, as it mentions two genes, IRX3 and IRX5. I think it should be broken into two different claims, one for each of these genes."
"http://purl.org/np/RAYaSkoABaiCEOFIF5NuxtfOtgQGv9YEXc1lhy9ZiVgjE","http://purl.org/np/RAGgV-nRMWhmgtxx5n3yE29NaopuuDVDKAuZC8IzCATag","https://orcid.org/0000-0003-0169-8159","https://orcid.org/0000-0002-7114-6459","https://w3id.org/linkflows/reviews/ContentComment","https://w3id.org/linkflows/reviews/NegativeComment","https://w3id.org/linkflows/reviews/ActionNeededComment","3","http://purl.org/np/RAGgV-nRMWhmgtxx5n3yE29NaopuuDVDKAuZC8IzCATag#provenance","The provenance of this formalization should be a ""FormalizationActivity"". As such, the source of the scientific claim (the original scientific article) can be specified, together with the quote from the article that contains the scientific claim and the orcid of the author of the formalization."
"http://purl.org/np/RAcEWBk7k2IuF_3CHY_EMWEkGQxA4iKb8pLxFN-cyWoC4","http://purl.org/np/RAGgV-nRMWhmgtxx5n3yE29NaopuuDVDKAuZC8IzCATag","https://orcid.org/0000-0003-0169-8159","https://orcid.org/0000-0002-7114-6459","https://w3id.org/linkflows/reviews/ContentComment","https://w3id.org/linkflows/reviews/NegativeComment","https://w3id.org/linkflows/reviews/SuggestionComment","3","https://w3id.org/linkflows/superpattern/terms/hasObjectClass","I think the object class needs to be ""autosomal-recessive-disorder-of-ERAD-pathway"" instead of just the ""ERAD-pathway""."
"http://purl.org/np/RAXC23M6PuzqJyPyI1PxD1kMbAO1hZuhcJ4UojR33sDmQ","http://purl.org/np/RAGgV-nRMWhmgtxx5n3yE29NaopuuDVDKAuZC8IzCATag","https://orcid.org/0000-0003-0169-8159","https://orcid.org/0000-0002-1267-0234","https://w3id.org/linkflows/reviews/ContentComment","https://w3id.org/linkflows/reviews/NegativeComment","https://w3id.org/linkflows/reviews/ActionNeededComment","4","http://purl.org/np/RAGgV-nRMWhmgtxx5n3yE29NaopuuDVDKAuZC8IzCATag#provenance","The provenance should use the 'Generated by a formalization activity' template."
"http://purl.org/np/RAryFiNK2xO4qdxH4NEz0CVbj0poeY_Vn5NBwHhrKdIOk","http://purl.org/np/RAIWvdnjqmOl2VP_eR2oFBxk97A_dw__FeusMzuRE9SIY","https://orcid.org/0000-0003-2310-3013","https://orcid.org/0000-0002-7114-6459","https://w3id.org/linkflows/reviews/ContentComment","https://w3id.org/linkflows/reviews/NegativeComment","https://w3id.org/linkflows/reviews/ActionNeededComment","3","http://purl.org/np/RAIWvdnjqmOl2VP_eR2oFBxk97A_dw__FeusMzuRE9SIY#provenance","The provenance of this formalization is a ""FormalizationActivity"" where the link to the article and the actual quote from the same article from which the scientific claim was derived need to be specified together with the orcid of the formalization author. This should be changed accordingly."
"http://purl.org/np/RAIBpY3_Ob-fGnTo23yCCu86P1KZzPNdqrime6sEHsUPU","http://purl.org/np/RA2JlYTWhC4PuhqFITergBXYM0CdZ_H-uTJ751rOIntlU","https://orcid.org/0000-0001-9488-1870","https://orcid.org/0000-0002-7114-6459","https://w3id.org/linkflows/reviews/ContentComment","https://w3id.org/linkflows/reviews/PositiveComment","https://w3id.org/linkflows/reviews/NoActionNeededComment","5","http://purl.org/np/RA2JlYTWhC4PuhqFITergBXYM0CdZ_H-uTJ751rOIntlU#assertion","The formalization in the assertion reflects very well the chosen scientific claim."
"http://purl.org/np/RA4ecYBb3WaYOd-9zB3ZsSSYAR9AvoeN6VC9HfIQfrprs","http://purl.org/np/RAsdV8EQ1qn_lXOrgoG7mPaF1JXdFLzt2iYy4eMhMMuM4","https://orcid.org/0000-0002-7770-620X","https://orcid.org/0000-0002-7114-6459","https://w3id.org/linkflows/reviews/ContentComment","https://w3id.org/linkflows/reviews/NegativeComment","https://w3id.org/linkflows/reviews/ActionNeededComment","4","http://purl.org/np/RAsdV8EQ1qn_lXOrgoG7mPaF1JXdFLzt2iYy4eMhMMuM4#provenance","The provenance of this formalization is a specific type of provenance, namely, it is the result of a ""formalization activity"". This should be used in the provenance field with all the corresponding details pertaining to this ""formalization activity"". This is the place where the DOI of the article from which the quoted scientific claim was extracted should be specified."
"http://purl.org/np/RA_piT7JTF1kFBGqZnYKVswtQamhCy8Edj4eiA0Zatvv0","http://purl.org/np/RAWCmrfeUUoh1tOl_7qFYoWgrYeonmX4FzAFboCSEoL-s","https://orcid.org/0000-0002-0519-7776","https://orcid.org/0000-0002-7114-6459","https://w3id.org/linkflows/reviews/ContentComment","https://w3id.org/linkflows/reviews/NegativeComment","https://w3id.org/linkflows/reviews/ActionNeededComment","2","http://purl.org/np/RAWCmrfeUUoh1tOl_7qFYoWgrYeonmX4FzAFboCSEoL-s#quote","I believe the exact quote from the article of the scientific claim is ""Our data show that pharmacogenomics-guided clopidogrel treatment strategy may represent a cost-effective choice compared with non-pharmacogenomics-guided strategy for patients undergoing PCI."" and not the actual scientific claim stated there, which is a reformulation of this phrase from the article."
"http://purl.org/np/RA0Ak_exioAtnRt7pfhc3qUE7CwgEdHMt89Frp7LWxdb4","http://purl.org/np/RAmfrSLt-WVQVNTrJi6IlNk3ZiQyYBds0NYGJpUEsPjfI","https://orcid.org/0000-0001-8004-0464","https://orcid.org/0000-0002-7114-6459","https://w3id.org/linkflows/reviews/ContentComment","https://w3id.org/linkflows/reviews/PositiveComment","https://w3id.org/linkflows/reviews/NoActionNeededComment","3","http://purl.org/np/RAmfrSLt-WVQVNTrJi6IlNk3ZiQyYBds0NYGJpUEsPjfI#provenance","The resulting formalization has as a provenance the ""FormalizationActivity"", which is correct. Moreover, all fields are correctly filled in."
"http://purl.org/np/RAXdkg1ssTlRWvf-JaVLmxWC_REcW2KkRljhu_9PEBxLM","http://purl.org/np/RATc9O9tCdQPlrsJeGNsTNO0PbENIzdKa6XAOex7dXfrY","https://orcid.org/0000-0001-9079-039X","https://orcid.org/0000-0002-7114-6459","https://w3id.org/linkflows/reviews/ContentComment","https://w3id.org/linkflows/reviews/PositiveComment","https://w3id.org/linkflows/reviews/NoActionNeededComment","3","http://purl.org/np/RATc9O9tCdQPlrsJeGNsTNO0PbENIzdKa6XAOex7dXfrY#provenance","The provenance of the nanopub is as a result of a ""FormalizationActivity"", as was chosen."
"http://purl.org/np/RA0LO7yFU6d4M6FEzjw-r0Gyuu92B8giyMMKDP-qbvE1c","http://purl.org/np/RAGo62Hb_Bx1klF4pn1q1Ty40860e3A7Sz4hr2vojZ2wA","https://orcid.org/0000-0001-6501-0806","https://orcid.org/0000-0002-7114-6459","https://w3id.org/linkflows/reviews/ContentComment","https://w3id.org/linkflows/reviews/NegativeComment","https://w3id.org/linkflows/reviews/ActionNeededComment","2","https://w3id.org/linkflows/superpattern/terms/FormalizationActivity","The provenance, which is a ""FormalizationActivity"" should also include the actual quote from the article from which the scientific claim was derived. As such, the ""sub:quote prov:value <quote_from_article_from_which_the_scientific_claim_was_derived>"" and ""prov:wasQuotedFrom <http://doi.org/10.1038/ng.3130>"" should be added."
"http://purl.org/np/RAio--7IbPa3_ZSG3GspUsXeWP2ZwMIzy4Kzos0yZ7NIw","http://purl.org/np/RAGo62Hb_Bx1klF4pn1q1Ty40860e3A7Sz4hr2vojZ2wA","https://orcid.org/0000-0001-6501-0806","https://orcid.org/0000-0002-7114-6459","https://w3id.org/linkflows/reviews/ContentComment","https://w3id.org/linkflows/reviews/NeutralComment","https://w3id.org/linkflows/reviews/SuggestionComment","1","https://w3id.org/linkflows/superpattern/terms/hasRelation","Maybe the use of a causal relation like ""contributes to"" can also be used here."
"http://purl.org/np/RAR3HGoKQM__H3hMyXc-2uHUTHcSoWFmicAu5BynhZRLY","http://purl.org/np/RAPLWOEA5t6_Kx6vVHtibWm92pg1XTN6FIZdWuaTyoy9g","https://orcid.org/0000-0003-4727-9435","https://orcid.org/0000-0002-7114-6459","https://w3id.org/linkflows/reviews/ContentComment","https://w3id.org/linkflows/reviews/NegativeComment","https://w3id.org/linkflows/reviews/ActionNeededComment","3","http://purl.org/np/RAPLWOEA5t6_Kx6vVHtibWm92pg1XTN6FIZdWuaTyoy9g#provenance","The provenance of the formalization should be a ""FormalizationActivity"". As such, more details can be given about the original article from which the scientific claim was derived, the original content from the article (the quote) of the phrase from which the scientific claim was derived (can be the same as the scientific claim itself if it was not rephrased) and the author of the formalization."
"http://purl.org/np/RAmXsR4TSIJBif6OFLvCSe_3fbtgp79AeI_3adbcyiPPM","http://purl.org/np/RAjk3YoNydLhbuD4BV9FD21ecELazvZibHHM7IXtJd-4A","https://orcid.org/0000-0002-8083-6048","https://orcid.org/0000-0002-7114-6459","https://w3id.org/linkflows/reviews/ContentComment","https://w3id.org/linkflows/reviews/PositiveComment","https://w3id.org/linkflows/reviews/NoActionNeededComment","5","http://purl.org/np/RAjk3YoNydLhbuD4BV9FD21ecELazvZibHHM7IXtJd-4A#spi","The modeling of the formalization reflects very well the scientific claim."
"http://purl.org/np/RAEo0vVJDl36yjtiPu-Ndyqn-sDaY_NUy5Aax1qinamvQ","http://purl.org/np/RAsdV8EQ1qn_lXOrgoG7mPaF1JXdFLzt2iYy4eMhMMuM4","https://orcid.org/0000-0002-7770-620X","https://orcid.org/0000-0002-7114-6459","https://w3id.org/linkflows/reviews/ContentComment","https://w3id.org/linkflows/reviews/NeutralComment","https://w3id.org/linkflows/reviews/SuggestionComment","1","http://purl.org/np/RAsdV8EQ1qn_lXOrgoG7mPaF1JXdFLzt2iYy4eMhMMuM4#provenance","If the formalization has multiple authors, then these need to be specified in this part, after choosing the ""FormalizationActivity"" as provenance of the formalization."
"http://purl.org/np/RAGfzz5T3p5LQP9rTIpfIjBjsOX6BTL1jl5015NRc_oRE","http://purl.org/np/RAxxJWyH8OdTJLs-ZY1q5jVq1OWFNOoLFvwEcUFyR8EEo","https://orcid.org/0000-0003-2432-4125","https://orcid.org/0000-0002-1267-0234","https://w3id.org/linkflows/reviews/ContentComment","https://w3id.org/linkflows/reviews/NegativeComment","https://w3id.org/linkflows/reviews/ActionNeededComment","3","http://purl.org/np/RAxxJWyH8OdTJLs-ZY1q5jVq1OWFNOoLFvwEcUFyR8EEo#quote","I couldn't find that exact quote from the original paper. It seems that this is a paraphrase whereas it should be the verbatim quote."
"http://purl.org/np/RAXqhZNkCtSHKHmtwk_PobxwQBCQiEkiCz5X8KVvpsZos","http://purl.org/np/RAGgV-nRMWhmgtxx5n3yE29NaopuuDVDKAuZC8IzCATag","https://orcid.org/0000-0003-0169-8159","https://orcid.org/0000-0002-1267-0234","https://w3id.org/linkflows/reviews/ContentComment","https://w3id.org/linkflows/reviews/NeutralComment","https://w3id.org/linkflows/reviews/SuggestionComment","4","http://www.orpha.net/ORDO/Orphanet_C001","I feel that the context class of 'clinical entity' doesn't add anything. It's a very general class. Just leaving it empty (= universal class) might make more sense."
"http://purl.org/np/RAXViOb_BV-sic87FPqPMaDRhCoy7ewM-7rheZyM79Uz0","http://purl.org/np/RAGgV-nRMWhmgtxx5n3yE29NaopuuDVDKAuZC8IzCATag","https://orcid.org/0000-0003-0169-8159","https://orcid.org/0000-0002-1267-0234","https://w3id.org/linkflows/reviews/ContentComment","https://w3id.org/linkflows/reviews/NegativeComment","https://w3id.org/linkflows/reviews/ActionNeededComment","5","http://purl.obolibrary.org/obo/GO_0036503","You are now stating that the given deficiency is caused by the ERAD pathway, which doesn't sound right. I suppose it should be something like: it is caused by the dysfunction of the ERAD pathway. So, it would mean to mint a new class 'dysfunction of ERAD pathway' and then use this class in object position."
"http://purl.org/np/RA38HSbTw9IinK2q_4lp3aDhh-Jw7fASYLE-Vq3NrD--0","http://purl.org/np/RA2JlYTWhC4PuhqFITergBXYM0CdZ_H-uTJ751rOIntlU","https://orcid.org/0000-0001-9488-1870","https://orcid.org/0000-0002-1267-0234","https://w3id.org/linkflows/reviews/ContentComment","https://w3id.org/linkflows/reviews/NegativeComment","https://w3id.org/linkflows/reviews/ActionNeededComment","4","http://purl.org/np/RA2JlYTWhC4PuhqFITergBXYM0CdZ_H-uTJ751rOIntlU#provenance","The provenance part should use the template 'generated from a formalization activity'."
"http://purl.org/np/RAug-T7pRS3r66x8RLCgglvLWTUPEZU6eELmKijHnoMYM","http://purl.org/np/RAsdV8EQ1qn_lXOrgoG7mPaF1JXdFLzt2iYy4eMhMMuM4","https://orcid.org/0000-0002-7770-620X","https://orcid.org/0000-0002-1267-0234","https://w3id.org/linkflows/reviews/ContentComment","https://w3id.org/linkflows/reviews/NegativeComment","https://w3id.org/linkflows/reviews/ActionNeededComment","5","https://w3id.org/biolink/vocab/ChemicalToGeneAssociation","The context class 'chemical to gene association' doesn't make sense to me here. I suppose we are talking about individual patients here, so then the context class 'human' would make sense, meaning whenever a human has this condition then it is sometimes related to that other condition *of the same human*."
"http://purl.org/np/RAQh4gyQCcdD59fUytOc5kOtq7uoEER0ihJBcxKsheZHM","http://purl.org/np/RAsdV8EQ1qn_lXOrgoG7mPaF1JXdFLzt2iYy4eMhMMuM4","https://orcid.org/0000-0002-7770-620X","https://orcid.org/0000-0002-1267-0234","https://w3id.org/linkflows/reviews/ContentComment","https://w3id.org/linkflows/reviews/NeutralComment","https://w3id.org/linkflows/reviews/NoActionNeededComment","5","https://w3id.org/linkflows/superpattern/terms/isSameAs","I am not sure about the isSameAs relation. This might be fine depending on how the other classes are filled in in the final version, but I have the impression that it should rather be something like isCausedBy."
"http://purl.org/np/RAS1chwiFRQKcwV_D5PeEKo0B1wiqvzfKCwyGRvabebyA","http://purl.org/np/RAIWvdnjqmOl2VP_eR2oFBxk97A_dw__FeusMzuRE9SIY","https://orcid.org/0000-0003-2310-3013","https://orcid.org/0000-0002-7114-6459","https://w3id.org/linkflows/reviews/ContentComment","https://w3id.org/linkflows/reviews/PositiveComment","https://w3id.org/linkflows/reviews/NoActionNeededComment","5","http://purl.org/np/RAIWvdnjqmOl2VP_eR2oFBxk97A_dw__FeusMzuRE9SIY#spi","The modeling of the formalization for the specific scientific claim looks good."
"http://purl.org/np/RAgOEyseOAaQI6ITOteiHjDMmtRs5xLFEVDFvwkzfTUyE","http://purl.org/np/RAIWvdnjqmOl2VP_eR2oFBxk97A_dw__FeusMzuRE9SIY","https://orcid.org/0000-0003-2310-3013","https://orcid.org/0000-0002-7114-6459","https://w3id.org/linkflows/reviews/StyleComment","https://w3id.org/linkflows/reviews/NeutralComment","https://w3id.org/linkflows/reviews/SuggestionComment","1","http://purl.org/np/RAIWvdnjqmOl2VP_eR2oFBxk97A_dw__FeusMzuRE9SIY#spi","Something small: I would start the scientific claim with an upper case and end it with a period."
"http://purl.org/np/RA5lHmfiYfk5-_NiI8wT_ck-yOhcauUfzU8JWlXTNWvm0","http://purl.org/np/RAc5YYnYevWeUd1igtqMi_eKGVhxVj7IBZ9mTY8-aCNlI","https://orcid.org/0000-0002-7114-6459","https://orcid.org/0000-0002-7114-6459","https://w3id.org/linkflows/reviews/ContentComment","https://w3id.org/linkflows/reviews/NegativeComment","https://w3id.org/linkflows/reviews/ActionNeededComment","5","https://w3id.org/linkflows/superpattern/terms/hasQualifier","The qualifier should be ""frequently"" instead of ""generally""."
"http://purl.org/np/RA9B6Vj6uE6O9Uwjv5SLtxoA6CBCZONJgJ2LJUFhVHbDs","http://purl.org/np/RA2JlYTWhC4PuhqFITergBXYM0CdZ_H-uTJ751rOIntlU","https://orcid.org/0000-0001-9488-1870","https://orcid.org/0000-0002-7114-6459","https://w3id.org/linkflows/reviews/ContentComment","https://w3id.org/linkflows/reviews/NegativeComment","https://w3id.org/linkflows/reviews/ActionNeededComment","4","http://purl.org/np/RA2JlYTWhC4PuhqFITergBXYM0CdZ_H-uTJ751rOIntlU#provenance","The provenance of this formalization is a specific type of provenance, namely, it is the result of a ""formalization activity"". This should be used in the provenance field with all the corresponding details pertaining to this ""formalization activity""."
"http://purl.org/np/RAPEhX9hEJCSMWUbeVGWxi2KP-WmzHXQWbSYsc_5s7rGU","http://purl.org/np/RAsdV8EQ1qn_lXOrgoG7mPaF1JXdFLzt2iYy4eMhMMuM4","https://orcid.org/0000-0002-7770-620X","https://orcid.org/0000-0002-7114-6459","https://w3id.org/linkflows/reviews/ContentComment","https://w3id.org/linkflows/reviews/NegativeComment","https://w3id.org/linkflows/reviews/ActionNeededComment","3","https://w3id.org/linkflows/superpattern/terms/hasSubjectClass","The subject id http://identifiers.org/omim/610805 does not seem to resolve. Maybe using https://www.omim.org/entry/610805 is better?"
"http://purl.org/np/RAnF0KQ5CGBjL-pWk37fg2DXMkgZuzgDNvXnD7wPaTZjY","http://purl.org/np/RAWCmrfeUUoh1tOl_7qFYoWgrYeonmX4FzAFboCSEoL-s","https://orcid.org/0000-0002-0519-7776","https://orcid.org/0000-0002-7114-6459","https://w3id.org/linkflows/reviews/ContentComment","https://w3id.org/linkflows/reviews/PositiveComment","https://w3id.org/linkflows/reviews/NoActionNeededComment","3","http://purl.org/np/RAWCmrfeUUoh1tOl_7qFYoWgrYeonmX4FzAFboCSEoL-s#provenance","The provenance of this formalization is indeed a special type of activity named ""FormalizationActivity"". So, this is a good chouce for the provenance field."
"http://purl.org/np/RAtxvhGFng6jC64kXFZ8mmMDc1fsa5WPmRpL0fNoEGwbc","http://purl.org/np/RATc9O9tCdQPlrsJeGNsTNO0PbENIzdKa6XAOex7dXfrY","https://orcid.org/0000-0001-9079-039X","https://orcid.org/0000-0002-7114-6459","https://w3id.org/linkflows/reviews/ContentComment","https://w3id.org/linkflows/reviews/NegativeComment","https://w3id.org/linkflows/reviews/ActionNeededComment","3","http://purl.org/np/RATc9O9tCdQPlrsJeGNsTNO0PbENIzdKa6XAOex7dXfrY#quote","The original quote from the article that contains the scientific claim that is formalized should be written here, instead of the sentence with the scientific claim."
"http://purl.org/np/RAw0HUK3Jg2wJNuyYBcyq2bDnWXkvpQjgcM6OvyUqPPgQ","http://purl.org/np/RATc9O9tCdQPlrsJeGNsTNO0PbENIzdKa6XAOex7dXfrY","https://orcid.org/0000-0001-9079-039X","https://orcid.org/0000-0002-7114-6459","https://w3id.org/linkflows/reviews/ContentComment","https://w3id.org/linkflows/reviews/NeutralComment","https://w3id.org/linkflows/reviews/SuggestionComment","2","https://www.wikidata.org/entity/Q1026962","I was wondering if a better context class would be ""Digital Humanities research"", instead of just ""Digital Humanities""."
"http://purl.org/np/RA9liKqSCnL2E1qLfjr0tgw3LYQVjEhns5Noxpmb23nv0","http://purl.org/np/RAGo62Hb_Bx1klF4pn1q1Ty40860e3A7Sz4hr2vojZ2wA","https://orcid.org/0000-0001-6501-0806","https://orcid.org/0000-0002-7114-6459","https://w3id.org/linkflows/reviews/StyleComment","https://w3id.org/linkflows/reviews/NeutralComment","https://w3id.org/linkflows/reviews/SuggestionComment","1","http://purl.org/np/RAGo62Hb_Bx1klF4pn1q1Ty40860e3A7Sz4hr2vojZ2wA#spi","Something small: starting the sentence containing the scientific claim of the super-pattern with a capital letter."
"http://purl.org/np/RA6gx8VCH_HFRNWV3Vuf1gxmjoECFUqYVgJ3aVapFfHls","http://purl.org/np/RAPLWOEA5t6_Kx6vVHtibWm92pg1XTN6FIZdWuaTyoy9g","https://orcid.org/0000-0003-4727-9435","https://orcid.org/0000-0002-7114-6459","https://w3id.org/linkflows/reviews/StyleComment","https://w3id.org/linkflows/reviews/NegativeComment","https://w3id.org/linkflows/reviews/ActionNeededComment","4","http://purl.org/np/RAPLWOEA5t6_Kx6vVHtibWm92pg1XTN6FIZdWuaTyoy9g#spi","The content of the scientific claim that is modeled in the formalization should be something like ""Adherence of a dataset to the FAIR Guiding Principles enables its automated discovery."", instead of containing the interpretation of the mentioned scientific claim."
"http://purl.org/np/RAOQfDNyP0cEiYppEG27gQuAaJpI55sOTmdfCP7JWctfc","http://purl.org/np/RASZZ5T1Ca5gpCMPubKoypR_0WcSUkHiMaADu9o1BS1Xs","https://orcid.org/0000-0002-0830-7029","https://orcid.org/0000-0002-7114-6459","https://w3id.org/linkflows/reviews/StyleComment","https://w3id.org/linkflows/reviews/NeutralComment","https://w3id.org/linkflows/reviews/SuggestionComment","2","http://purl.org/np/RASZZ5T1Ca5gpCMPubKoypR_0WcSUkHiMaADu9o1BS1Xs#spi","Maybe the scientific claim should be rephrased a bit to reflect the growth effect more, instead of just using ""mechanically drives""."
"http://purl.org/np/RAIolZf0Ko5Klrr5FWt0Wqr_GrNa2PxyxLhlz8y4eGIUk","http://purl.org/np/RAWcrMY8mnsI26BfokKid75MO1c2uVenyW9tmxj0VhbnY","https://orcid.org/0000-0002-8083-6048","https://orcid.org/0000-0002-7114-6459","https://w3id.org/linkflows/reviews/ContentComment","https://w3id.org/linkflows/reviews/PositiveComment","https://w3id.org/linkflows/reviews/NoActionNeededComment","5","http://purl.org/np/RAWcrMY8mnsI26BfokKid75MO1c2uVenyW9tmxj0VhbnY#spi","The modeling of the formalization reflects very well the scientific claim."
"http://purl.org/np/RAaFeW4Bj3Y7DpKTdi8d3XZVF-8rZJS2v7St62NEdOumg","http://purl.org/np/RAsdV8EQ1qn_lXOrgoG7mPaF1JXdFLzt2iYy4eMhMMuM4","https://orcid.org/0000-0002-7770-620X","https://orcid.org/0000-0002-7114-6459","https://w3id.org/linkflows/reviews/ContentComment","https://w3id.org/linkflows/reviews/NegativeComment","https://w3id.org/linkflows/reviews/ActionNeededComment","4","http://purl.org/np/RAsdV8EQ1qn_lXOrgoG7mPaF1JXdFLzt2iYy4eMhMMuM4#spi","The literal for the rdfs:label of the super-pattern instantiation should contain the actual (rephrased) scientific claim (ideally in an AIDA sentence), not the doi to the article. This should be changed."
"http://purl.org/np/RAy-yPfCs1qyCgcXIuItdCQ2w5TJMmOSifQ-Tog8yt1N0","http://purl.org/np/RAxxJWyH8OdTJLs-ZY1q5jVq1OWFNOoLFvwEcUFyR8EEo","https://orcid.org/0000-0003-2432-4125","https://orcid.org/0000-0002-7114-6459","https://w3id.org/linkflows/reviews/ContentComment","https://w3id.org/linkflows/reviews/PositiveComment","https://w3id.org/linkflows/reviews/NoActionNeededComment","4","http://purl.org/np/RAxxJWyH8OdTJLs-ZY1q5jVq1OWFNOoLFvwEcUFyR8EEo#spi","The modelling of the scientific claim (if we assume the claim is rephrased in an atomic way) seems correct."
"http://purl.org/np/RAOaHjJf_7NLnsZCok_mm5vARZ8Jn223owehNSoKjG7Oo","http://purl.org/np/RAPLWOEA5t6_Kx6vVHtibWm92pg1XTN6FIZdWuaTyoy9g","https://orcid.org/0000-0003-4727-9435","https://orcid.org/0000-0002-7114-6459","https://w3id.org/linkflows/reviews/ContentComment","https://w3id.org/linkflows/reviews/PositiveComment","https://w3id.org/linkflows/reviews/NoActionNeededComment","5","http://purl.org/np/RAPLWOEA5t6_Kx6vVHtibWm92pg1XTN6FIZdWuaTyoy9g#spi","The modelling of the formalization reflects very well the scientific claim."
"http://purl.org/np/RA157Nzn31vVtHtrMQgOXML5iyDjjlp3kkp9yVIKU8buw","http://purl.org/np/RAGgV-nRMWhmgtxx5n3yE29NaopuuDVDKAuZC8IzCATag","https://orcid.org/0000-0003-0169-8159","https://orcid.org/0000-0002-7114-6459","https://w3id.org/linkflows/reviews/ContentComment","https://w3id.org/linkflows/reviews/PositiveComment","https://w3id.org/linkflows/reviews/SuggestionComment","3","http://purl.org/np/RAGgV-nRMWhmgtxx5n3yE29NaopuuDVDKAuZC8IzCATag#spi","I believe the formalization structure is good, reflecting almost all the details of the scientific claim. If the missing details about the ""autosomal recessive disorder"" were to be included, this would make the formalization complete in my view."
"http://purl.org/np/RAmxClZM36_nbsLO4Kw8dyroPBv20DQH3lCNAOnqJXBZ8","http://purl.org/np/RAsdV8EQ1qn_lXOrgoG7mPaF1JXdFLzt2iYy4eMhMMuM4","https://orcid.org/0000-0002-7770-620X","https://orcid.org/0000-0002-1267-0234","https://w3id.org/linkflows/reviews/ContentComment","https://w3id.org/linkflows/reviews/NegativeComment","https://w3id.org/linkflows/reviews/ActionNeededComment","3","http://www.w3.org/2000/01/rdf-schema#label","The label of the superpattern instance should be a short human-readable sentence, not the DOI of the original paper."
"http://purl.org/np/RAhoOM0_PnZ-O30J6Gz7rTy3b6jIRlAq_kKOD8wLYVcO4","http://purl.org/np/RAsdV8EQ1qn_lXOrgoG7mPaF1JXdFLzt2iYy4eMhMMuM4","https://orcid.org/0000-0002-7770-620X","https://orcid.org/0000-0002-1267-0234","https://w3id.org/linkflows/reviews/ContentComment","https://w3id.org/linkflows/reviews/NegativeComment","https://w3id.org/linkflows/reviews/ActionNeededComment","4","http://purl.org/np/RAsdV8EQ1qn_lXOrgoG7mPaF1JXdFLzt2iYy4eMhMMuM4#provenance","The provenance part should use the template 'generated from a formalization activity'."
"http://purl.org/np/RAhyiHbc_7uGqAhD-DE4YPyX9uJ1Yg5Er9bTr0RhZ0vSs","http://purl.org/np/RAsdV8EQ1qn_lXOrgoG7mPaF1JXdFLzt2iYy4eMhMMuM4","https://orcid.org/0000-0002-7770-620X","https://orcid.org/0000-0002-1267-0234","https://w3id.org/linkflows/reviews/ContentComment","https://w3id.org/linkflows/reviews/NegativeComment","https://w3id.org/linkflows/reviews/ActionNeededComment","5","http://purl.obolibrary.org/obo/CHEBI_12777","It seems to me that the object class should be something like 'excess or deficiency of vitamin A' and not just 'vitamin A'."
"http://purl.org/np/RA-miPrNdymKxeAk5hyVFlTQ35vPEJTF4YvmYAcQ8ufOA","http://purl.org/np/RAmfrSLt-WVQVNTrJi6IlNk3ZiQyYBds0NYGJpUEsPjfI","https://orcid.org/0000-0001-8004-0464","https://orcid.org/0000-0002-1267-0234","https://w3id.org/linkflows/reviews/ContentComment","https://w3id.org/linkflows/reviews/NegativeComment","https://w3id.org/linkflows/reviews/SuggestionComment","3","http://www.w3.org/2000/01/rdf-schema#label","I think the label of the superpattern instance, in particular the 'essential regulator' part, is a bit stronger than what the superpattern is actually expressing. I suggest to revise the label a bit such that it better reflects what the formalization says."
"http://purl.org/np/RA4zu3y98zRapBDzYOuBf--RkJCAgnQA393Pb_IHawWBI","http://purl.org/np/RAmfrSLt-WVQVNTrJi6IlNk3ZiQyYBds0NYGJpUEsPjfI","https://orcid.org/0000-0001-8004-0464","https://orcid.org/0000-0002-1267-0234","https://w3id.org/linkflows/reviews/ContentComment","https://w3id.org/linkflows/reviews/NegativeComment","https://w3id.org/linkflows/reviews/ActionNeededComment","3","http://purl.org/np/RAjk3YoNydLhbuD4BV9FD21ecELazvZibHHM7IXtJd-4A#quote","The quote provided in the provenance seems to be a general quote from the source rather than the specific passage on which this formalization is based."
"http://purl.org/np/RAa0IEe29Lp_w4oGM-JZgP5AAgF1xcLx-aWkvwi5Sg9XM","http://purl.org/np/RAjk3YoNydLhbuD4BV9FD21ecELazvZibHHM7IXtJd-4A","https://orcid.org/0000-0002-8083-6048","https://orcid.org/0000-0002-1267-0234","https://w3id.org/linkflows/reviews/ContentComment","https://w3id.org/linkflows/reviews/NegativeComment","https://w3id.org/linkflows/reviews/ActionNeededComment","3","http://www.wikidata.org/entity/Q65071627","The provided label for the superpattern instance refers to 'licenses with a non-commertial clause' in general, whereas the actual formalization has the specific kind of license 'Creative Commons NonCommercial' in subject position. This should be make consistent in one way or the other."
"http://purl.org/np/RAnghJFLSoLxO6AHk6tCbIa8wEus26nqgqO91BuMehvow","http://purl.org/np/RAWcrMY8mnsI26BfokKid75MO1c2uVenyW9tmxj0VhbnY","https://orcid.org/0000-0002-8083-6048","https://orcid.org/0000-0002-1267-0234","https://w3id.org/linkflows/reviews/ContentComment","https://w3id.org/linkflows/reviews/NegativeComment","https://w3id.org/linkflows/reviews/SuggestionComment","4","http://purl.org/np/RAY2Gg01ffDVLprAakuMqpizAjksasRtTal_UsCf94LL8#openbiodiv-knowledge-graph","I am a bit uncertain about the subject class. It is defined as a subclass of 'knowledge graph' but seems to be treated more like an instance. I think it would be good to better specify (in the formalization nanopub or the class definition one) what the instances of the class 'OpenBiodiv knowledge graph' really are (maybe the different versions/branches?)."
"http://purl.org/np/RA9RcAQhZ9tZvErcz-xEsptVcUx84CnXC1hvEUsp2N2vs","http://purl.org/np/RAIWvdnjqmOl2VP_eR2oFBxk97A_dw__FeusMzuRE9SIY","https://orcid.org/0000-0003-2310-3013","https://orcid.org/0000-0002-1267-0234","https://w3id.org/linkflows/reviews/ContentComment","https://w3id.org/linkflows/reviews/NegativeComment","https://w3id.org/linkflows/reviews/ActionNeededComment","4","http://purl.org/np/RAIWvdnjqmOl2VP_eR2oFBxk97A_dw__FeusMzuRE9SIY#provenance","The provenance part should be using the template 'generated from a formalization activity'."
"http://purl.org/np/RAkE7yrMj7qDvlTFP4aLOZCqtTInXGsm93kZaO7fkEixs","http://purl.org/np/RAYJe1ruxzvy8idQGuxziYN4ri8OFeKZxzK-QdJPvDug0","https://orcid.org/0000-0002-0191-7211","https://orcid.org/0000-0002-1267-0234","https://w3id.org/linkflows/reviews/ContentComment","https://w3id.org/linkflows/reviews/NegativeComment","https://w3id.org/linkflows/reviews/ActionNeededComment","4","http://www.wikidata.org/entity/Q16334295","As humans typically belong to many different groups of different kinds, I am inclined to think that the context class should more specifically be 'social group of humans' (possibly with a quite technical and precise definition) and not just 'group of humans'."
"http://purl.org/np/RAnb5-OisRldUSR06piqwRDOZ7YKroF_RdecKroUtO2lg","http://purl.org/np/RAYJe1ruxzvy8idQGuxziYN4ri8OFeKZxzK-QdJPvDug0","https://orcid.org/0000-0002-0191-7211","https://orcid.org/0000-0002-1267-0234","https://w3id.org/linkflows/reviews/ContentComment","https://w3id.org/linkflows/reviews/NegativeComment","https://w3id.org/linkflows/reviews/SuggestionComment","4","https://w3id.org/linkflows/superpattern/terms/causes","I am wondering whether the ""never causes"" is a bit too strong a relation, also given the natural language sentence. ""Never affects"" might be more precise than ""never causes"". (This is also a stronger statement, more likely to be wrong, but that's not necessarily a bad thing.)"
"http://purl.org/np/RAFMU1Z7kxuFhoaqJG7I_W1NnplPYKB7Cm1eEhFeCtvM8","http://purl.org/np/RASZZ5T1Ca5gpCMPubKoypR_0WcSUkHiMaADu9o1BS1Xs","https://orcid.org/0000-0002-0830-7029","https://orcid.org/0000-0002-1267-0234","https://w3id.org/linkflows/reviews/ContentComment","https://w3id.org/linkflows/reviews/NegativeComment","https://w3id.org/linkflows/reviews/ActionNeededComment","5","http://purl.org/np/RASZZ5T1Ca5gpCMPubKoypR_0WcSUkHiMaADu9o1BS1Xs#provenance","The provenance part should refer to the original publication by using the template 'generated from a formalization activity'."
"http://purl.org/np/RAz-E7YOwL-RCifo12zsEs0J50LlXkWwgcLpx3CTh3hGM","http://purl.org/np/RA5rRFy9eDTZSTyVeuTrAO7aCg_JPcq1cVmWWjc-kjFOM","https://orcid.org/0000-0003-1099-3328","https://orcid.org/0000-0002-1267-0234","https://w3id.org/linkflows/reviews/ContentComment","https://w3id.org/linkflows/reviews/NegativeComment","https://w3id.org/linkflows/reviews/ActionNeededComment","5","http://purl.org/np/RAiUYY1dbEDbcsscapEmbMMHsgJmjEJ1yUoNsxZIH1r90","The object slot of the superpattern refers to the nanopublication that defines the class, instead of the class itself (http://purl.org/np/RAiUYY1dbEDbcsscapEmbMMHsgJmjEJ1yUoNsxZIH1r90#transcription-of-stmn2)."
"http://purl.org/np/RAOBLvwlzrROjza_vzDuMiG8Ea1qc0JISyoNFt8OJDk3M","http://purl.org/np/RA5rRFy9eDTZSTyVeuTrAO7aCg_JPcq1cVmWWjc-kjFOM","https://orcid.org/0000-0003-1099-3328","https://orcid.org/0000-0002-7114-6459","https://w3id.org/linkflows/reviews/ContentComment","https://w3id.org/linkflows/reviews/PositiveComment","https://w3id.org/linkflows/reviews/NoActionNeededComment","4","http://purl.org/np/RA5rRFy9eDTZSTyVeuTrAO7aCg_JPcq1cVmWWjc-kjFOM#provenance","The provenance is correct, the formalization is the result of a ""FormalizationActivity"" and the article and exact quote from the article of the scientific claim are present."
"http://purl.org/np/RAFiUTEjerOTBy0fscTQrTDDKoqaGBL3NXPxterEVMfs4","http://purl.org/np/RA5rRFy9eDTZSTyVeuTrAO7aCg_JPcq1cVmWWjc-kjFOM","https://orcid.org/0000-0003-1099-3328","https://orcid.org/0000-0002-7114-6459","https://w3id.org/linkflows/reviews/ContentComment","https://w3id.org/linkflows/reviews/PositiveComment","https://w3id.org/linkflows/reviews/NoActionNeededComment","5","http://purl.org/np/RA5rRFy9eDTZSTyVeuTrAO7aCg_JPcq1cVmWWjc-kjFOM#spi","The modelling of the formalization looks good."
"http://purl.org/np/RApW7pD3e_EaM9sbgRRd9YXbtwghe-d-eGJkzdpyPCyHo","http://purl.org/np/RAc5YYnYevWeUd1igtqMi_eKGVhxVj7IBZ9mTY8-aCNlI","https://orcid.org/0000-0002-7114-6459","https://orcid.org/0000-0002-7114-6459","https://w3id.org/linkflows/reviews/ContentComment","https://w3id.org/linkflows/reviews/NegativeComment","https://w3id.org/linkflows/reviews/ActionNeededComment","4","http://purl.org/np/RAc5YYnYevWeUd1igtqMi_eKGVhxVj7IBZ9mTY8-aCNlI#provenance","The provenance of this nanopublication should be a FormalizationActivity and all the fields should be filled in in an appropriate manner: the link to the article, formalization author orcid, the exact quote from the article that contains the scientific claim."
"http://purl.org/np/RA5Y6zgm_H4vBAFLKkwsLkRdxwE90YkSQ5Pq_YQXA7ERE","http://purl.org/np/RAc5YYnYevWeUd1igtqMi_eKGVhxVj7IBZ9mTY8-aCNlI","https://orcid.org/0000-0002-7114-6459","https://orcid.org/0000-0002-7114-6459","https://w3id.org/linkflows/reviews/ContentComment","https://w3id.org/linkflows/reviews/PositiveComment","https://w3id.org/linkflows/reviews/NoActionNeededComment","5","http://purl.org/np/RAc5YYnYevWeUd1igtqMi_eKGVhxVj7IBZ9mTY8-aCNlI#assertion","The general structure of the formalization is good."
"http://purl.org/np/RACefo-6H6Mu2grt1xMgw-_23yzqCmZXhE4cycALDXrHg","http://purl.org/np/RAxxJWyH8OdTJLs-ZY1q5jVq1OWFNOoLFvwEcUFyR8EEo","https://orcid.org/0000-0003-2432-4125","https://orcid.org/0000-0002-8083-6048","https://w3id.org/linkflows/reviews/StyleComment","https://w3id.org/linkflows/reviews/NeutralComment","https://w3id.org/linkflows/reviews/SuggestionComment","2","http://purl.org/np/RAxxJWyH8OdTJLs-ZY1q5jVq1OWFNOoLFvwEcUFyR8EEo#provenance","This formalisation paper captures excellently one of the main claims made in the original article. I have a small comment regarding the style of the formalisation paper itself. There is no quote from the original paper and instead the paraphrased claim was inserted (sub:quote triple in the Provenance section)."
"http://purl.org/np/RAkjk3apcZT3cBU-snbQ2ciW9BpOX_Y25ONOAOjxjOUPU","http://purl.org/np/RAGo62Hb_Bx1klF4pn1q1Ty40860e3A7Sz4hr2vojZ2wA","https://orcid.org/0000-0001-6501-0806","https://orcid.org/0000-0001-9079-039X","https://w3id.org/linkflows/reviews/ContentComment","https://w3id.org/linkflows/reviews/PositiveComment","https://w3id.org/linkflows/reviews/NoActionNeededComment","1","http://purl.org/np/RAGo62Hb_Bx1klF4pn1q1Ty40860e3A7Sz4hr2vojZ2wA#provenance","The provenance part of this SPI looks good. The content of the paper matches the content of the nanopublication."
"http://purl.org/np/RAvKVAhQ4K1XOV7VuVj7sOHu9DWTrzowXRH4qffzf5my8","http://purl.org/np/RAxxJWyH8OdTJLs-ZY1q5jVq1OWFNOoLFvwEcUFyR8EEo","https://orcid.org/0000-0003-2432-4125","https://orcid.org/0000-0002-8083-6048","https://w3id.org/linkflows/reviews/SyntaxComment","https://w3id.org/linkflows/reviews/PositiveComment","https://w3id.org/linkflows/reviews/SuggestionComment","1","http://purl.org/np/RAY3LaUoVtBLj9CN36wyyvTIjSMsACErVtEApnA12zjy0#expression-of-genes-IRX3-AND-IRX5","I agree with the way the class was defined and commend the author for linking it to a parent Wikidata class (gene expression). The only thing I would change is the uppercase 'and' within the class identifier between the two gene names."
"http://purl.org/np/RAx9CGRhaeTQFExlb1xrUlk1tVSQv1uj58vesTalQOkLE","http://purl.org/np/RATc9O9tCdQPlrsJeGNsTNO0PbENIzdKa6XAOex7dXfrY","https://orcid.org/0000-0001-9079-039X","https://orcid.org/0000-0002-8083-6048","https://w3id.org/linkflows/reviews/SyntaxComment","https://w3id.org/linkflows/reviews/NeutralComment","https://w3id.org/linkflows/reviews/ActionNeededComment","2","https://dx.doi.org/10.1007%2F978-3-030-71903-6_32","The usage of dx.doi.org type of DOIs has been deprecated. Instead, the author should use doi.org such as https://doi.org/10.1007%2F978-3-030-71903-6_32 ."
"http://purl.org/np/RARw63N4ShSDNoVWjzrGlBDQL145KY5lku9ANh24rRE74","http://purl.org/np/RASZZ5T1Ca5gpCMPubKoypR_0WcSUkHiMaADu9o1BS1Xs","https://orcid.org/0000-0002-0830-7029","https://orcid.org/0000-0001-8004-0464","https://w3id.org/linkflows/reviews/ContentComment","https://w3id.org/linkflows/reviews/PositiveComment","https://w3id.org/linkflows/reviews/NoActionNeededComment","1","http://purl.org/np/RAGo62Hb_Bx1klF4pn1q1Ty40860e3A7Sz4hr2vojZ2wA","Very good information provided"
"http://purl.org/np/RASUNuFag1tEc7eMPQZovFiQZtA29DIFplZ982LQdg838","http://purl.org/np/RATc9O9tCdQPlrsJeGNsTNO0PbENIzdKa6XAOex7dXfrY","https://orcid.org/0000-0001-9079-039X","https://orcid.org/0000-0001-8004-0464","https://w3id.org/linkflows/reviews/ContentComment","https://w3id.org/linkflows/reviews/PositiveComment","https://w3id.org/linkflows/reviews/NoActionNeededComment","1","http://purl.org/np/RATc9O9tCdQPlrsJeGNsTNO0PbENIzdKa6XAOex7dXfrY","The content is very good"
"http://purl.org/np/RA0AMmdDvY5MpFV1JIroq2akgWPYgSfyKLxpjoHn1Oaro","http://purl.org/np/RAxxJWyH8OdTJLs-ZY1q5jVq1OWFNOoLFvwEcUFyR8EEo","https://orcid.org/0000-0003-2432-4125","https://orcid.org/0000-0002-7114-6459","https://w3id.org/linkflows/reviews/ContentComment","https://w3id.org/linkflows/reviews/NeutralComment","https://w3id.org/linkflows/reviews/ActionNeededComment","2","http://purl.org/np/RAxxJWyH8OdTJLs-ZY1q5jVq1OWFNOoLFvwEcUFyR8EEo#quote","The exact quote from the article should be specified, not the text of the scientific claim in the formalization."
"http://purl.org/np/RAeSpvWpdaPJZj1L51mBnAq_AqWXmh5fKlEyOSdex64m0","http://purl.org/np/RA5rRFy9eDTZSTyVeuTrAO7aCg_JPcq1cVmWWjc-kjFOM","https://orcid.org/0000-0003-1099-3328","https://orcid.org/0000-0002-7114-6459","https://w3id.org/linkflows/reviews/ContentComment","https://w3id.org/linkflows/reviews/NegativeComment","https://w3id.org/linkflows/reviews/ActionNeededComment","4","http://purl.org/np/RAiUYY1dbEDbcsscapEmbMMHsgJmjEJ1yUoNsxZIH1r90","The object class should point to the link of the class: http://purl.org/np/RAiUYY1dbEDbcsscapEmbMMHsgJmjEJ1yUoNsxZIH1r90#transcription-of-stmn2, instead of the link to the nanopublication in which this class is published."
"http://purl.org/np/RA9KmNH-j6YINX5zo0Q-ykj8SfyW0c7HA-IK5qHxuf2gk","http://purl.org/np/RAGo62Hb_Bx1klF4pn1q1Ty40860e3A7Sz4hr2vojZ2wA","https://orcid.org/0000-0001-6501-0806","https://orcid.org/0000-0002-1267-0234","https://w3id.org/linkflows/reviews/ContentComment","https://w3id.org/linkflows/reviews/PositiveComment","https://w3id.org/linkflows/reviews/NoActionNeededComment","5",,"This looks like a very good formalization to me."
"http://purl.org/np/RAUIRPBS5xg8wc9LR6s4kiuTf5kSkyYlaHqIAO6LCqHMY","http://purl.org/np/RAjk3YoNydLhbuD4BV9FD21ecELazvZibHHM7IXtJd-4A","https://orcid.org/0000-0002-8083-6048","https://orcid.org/0000-0002-1267-0234","https://w3id.org/linkflows/reviews/ContentComment","https://w3id.org/linkflows/reviews/NegativeComment","https://w3id.org/linkflows/reviews/ActionNeededComment","4",,"Looking at this again, I think this formalization can be made more precise (and in a way simpler) by not using the universal context, but instead biodiversity data (Q28946370) as context and data reuse (Q58023280) as object."
"http://purl.org/np/RAEXBWB39ZKCaNTalc0K6hrU1UdWQpRu7Rl8RDO4fBydo","http://purl.org/np/RAjk3YoNydLhbuD4BV9FD21ecELazvZibHHM7IXtJd-4A","https://orcid.org/0000-0002-8083-6048","https://orcid.org/0000-0002-1267-0234","https://w3id.org/linkflows/reviews/ContentComment","https://w3id.org/linkflows/reviews/PositiveComment","https://w3id.org/linkflows/reviews/NoActionNeededComment","5",,"Overall, I think this is a good formalization."
"http://purl.org/np/RA7k6cVTww-PUNrhFom4tp379xF9R4bB7O68igHo-4E1E","http://purl.org/np/RA5rRFy9eDTZSTyVeuTrAO7aCg_JPcq1cVmWWjc-kjFOM","https://orcid.org/0000-0003-1099-3328","https://orcid.org/0000-0002-3357-9130","https://w3id.org/linkflows/reviews/ContentComment","https://w3id.org/linkflows/reviews/NeutralComment","https://w3id.org/linkflows/reviews/NoActionNeededComment","1",,"The content of this formalization looks good."
"http://purl.org/np/RAZQ8pshLDm1v2imvtF2apl9rAP0MjeCpD0kZ6ky6mV24","http://purl.org/np/RA5rRFy9eDTZSTyVeuTrAO7aCg_JPcq1cVmWWjc-kjFOM","https://orcid.org/0000-0003-1099-3328","https://orcid.org/0000-0002-1267-0234","https://w3id.org/linkflows/reviews/ContentComment","https://w3id.org/linkflows/reviews/PositiveComment","https://w3id.org/linkflows/reviews/NoActionNeededComment","5",,"Apart from the object class link, this is a very convincing formalization."
"http://purl.org/np/RAl1q8Wcan6qcYeek9WHXv736vuPJr3x-M9ZoeZNy6_x8","http://purl.org/np/RATc9O9tCdQPlrsJeGNsTNO0PbENIzdKa6XAOex7dXfrY","https://orcid.org/0000-0001-9079-039X","https://orcid.org/0000-0002-3357-9130","https://w3id.org/linkflows/reviews/ContentComment","https://w3id.org/linkflows/reviews/PositiveComment","https://w3id.org/linkflows/reviews/NoActionNeededComment","3",,"I agree with this formalization."
"http://purl.org/np/RAulb_vr2ZUKLUBUhsx8RWC75c4UViIcLXaMMbn7z4JuE","http://purl.org/np/RATc9O9tCdQPlrsJeGNsTNO0PbENIzdKa6XAOex7dXfrY","https://orcid.org/0000-0001-9079-039X","https://orcid.org/0000-0002-1267-0234","https://w3id.org/linkflows/reviews/ContentComment","https://w3id.org/linkflows/reviews/NegativeComment","https://w3id.org/linkflows/reviews/ActionNeededComment","4",,"I find the context class 'Digital Humanities' a bit confusing, as it is unclear to me what the instances of this class are. WikiData is not always very precise about this, but the superpattern is. I believe that a context class like 'Digital Humanities research' (as mentioned in the label) would make more sense."
"http://purl.org/np/RAkEKGauZLl4Vs9giLT5aqCJlAIzpD8Iu9MD8kMMgs70s","http://purl.org/np/RAPLWOEA5t6_Kx6vVHtibWm92pg1XTN6FIZdWuaTyoy9g","https://orcid.org/0000-0003-4727-9435","https://orcid.org/0000-0002-1267-0234","https://w3id.org/linkflows/reviews/ContentComment","https://w3id.org/linkflows/reviews/PositiveComment","https://w3id.org/linkflows/reviews/NoActionNeededComment","5",,"This looks like a very good formalization to me."
"http://purl.org/np/RA3d1wNhyQRILFaCc4WVBXd12ne3pJ-a9NHSGDWiScLJk","http://purl.org/np/RA2JlYTWhC4PuhqFITergBXYM0CdZ_H-uTJ751rOIntlU","https://orcid.org/0000-0001-9488-1870","https://orcid.org/0000-0003-4727-9435","https://w3id.org/linkflows/reviews/ContentComment","https://w3id.org/linkflows/reviews/NeutralComment","https://w3id.org/linkflows/reviews/NoActionNeededComment","1",,"Good formalization of an existing scientific paper with a wikipedia identifier. This also raises the question as to how publications should be referenced - e.g. by their DOI, pubmed, or indeed a wikipedia ID."
"http://purl.org/np/RAGIam9RdG-5otB3CCwDNg1h8pMjUS1Qy4cOLXRlnffjo","http://purl.org/np/RA2JlYTWhC4PuhqFITergBXYM0CdZ_H-uTJ751rOIntlU","https://orcid.org/0000-0001-9488-1870","https://orcid.org/0000-0002-1267-0234","https://w3id.org/linkflows/reviews/ContentComment","https://w3id.org/linkflows/reviews/PositiveComment","https://w3id.org/linkflows/reviews/NoActionNeededComment","4",,"Very nice that all classes are defined in WikiData."
"http://purl.org/np/RAopcyinEZK-YeTDygVClnLSOcEa-ui-PLtoZToQetNa8","http://purl.org/np/RA2JlYTWhC4PuhqFITergBXYM0CdZ_H-uTJ751rOIntlU","https://orcid.org/0000-0001-9488-1870","https://orcid.org/0000-0002-1267-0234","https://w3id.org/linkflows/reviews/ContentComment","https://w3id.org/linkflows/reviews/PositiveComment","https://w3id.org/linkflows/reviews/NoActionNeededComment","5",,"The formalization looks solid to me."
"http://purl.org/np/RAx9yefsz4xInPLYTsVs8cL4e99c9f13resjxhoeS8b3Y","http://purl.org/np/RAIWvdnjqmOl2VP_eR2oFBxk97A_dw__FeusMzuRE9SIY","https://orcid.org/0000-0003-2310-3013","https://orcid.org/0000-0002-1267-0234","https://w3id.org/linkflows/reviews/ContentComment","https://w3id.org/linkflows/reviews/NeutralComment","https://w3id.org/linkflows/reviews/SuggestionComment","4",,"With a protein class in the object position and a gene in the context, this raises for me the question what it means for a protein to be in the context of a gene. Maybe a class like 'presence of TAR DNA binding protein' in object position might make it clearer? But I am not sure..."
"http://purl.org/np/RAE1u4Tgwx0z1kDe1Mcsdn6KRLnomKlqRZFRrTaX-HBcM","http://purl.org/np/RAxxJWyH8OdTJLs-ZY1q5jVq1OWFNOoLFvwEcUFyR8EEo","https://orcid.org/0000-0003-2432-4125","https://orcid.org/0000-0002-8083-6048","https://w3id.org/linkflows/reviews/SyntaxComment","https://w3id.org/linkflows/reviews/NeutralComment","https://w3id.org/linkflows/reviews/ActionNeededComment","4",,"A provenance source is provided but it does not have the correct link. Instead of the article URL, the author should put the DOI in the form https://doi.org/10.1056/NEJMoa1502214. There is also a superfluous comma before the provenance URL."
"http://purl.org/np/RALbwlXSd3y1WviWuEdITD87lSbTIY5r52sf1M5xz46YQ","http://purl.org/np/RAxxJWyH8OdTJLs-ZY1q5jVq1OWFNOoLFvwEcUFyR8EEo","https://orcid.org/0000-0003-2432-4125","https://orcid.org/0000-0002-3357-9130","https://w3id.org/linkflows/reviews/StyleComment","https://w3id.org/linkflows/reviews/PositiveComment","https://w3id.org/linkflows/reviews/NoActionNeededComment","2",,"I agree with the style adopted for this representation."
"http://purl.org/np/RAs-odsHvz6AqhLYAMELeRXsxbMiKb8f8NzMbxPyDba-Q","http://purl.org/np/RAmfrSLt-WVQVNTrJi6IlNk3ZiQyYBds0NYGJpUEsPjfI","https://orcid.org/0000-0001-8004-0464","https://orcid.org/0000-0003-4727-9435","https://w3id.org/linkflows/reviews/ContentComment","https://w3id.org/linkflows/reviews/PositiveComment","https://w3id.org/linkflows/reviews/NoActionNeededComment","1",,"looks good!"
"http://purl.org/np/RAlbgqbDxGI7DcECkLtvCoYCl0oC7JSjIM3Qmo6xsxU-U","http://purl.org/np/RAmfrSLt-WVQVNTrJi6IlNk3ZiQyYBds0NYGJpUEsPjfI","https://orcid.org/0000-0001-8004-0464","https://orcid.org/0000-0002-1267-0234","https://w3id.org/linkflows/reviews/ContentComment","https://w3id.org/linkflows/reviews/PositiveComment","https://w3id.org/linkflows/reviews/NoActionNeededComment","5",,"Overall, I think this is a very good formalization."
"http://purl.org/np/RAqj2d3QxMBAvsKYuXlcHCLYq7DZ34GiSbUd5biYUItmk","http://purl.org/np/RAWCmrfeUUoh1tOl_7qFYoWgrYeonmX4FzAFboCSEoL-s","https://orcid.org/0000-0002-0519-7776","https://orcid.org/0000-0002-3357-9130","https://w3id.org/linkflows/reviews/ContentComment","https://w3id.org/linkflows/reviews/PositiveComment","https://w3id.org/linkflows/reviews/NoActionNeededComment","3",,"Good claim representation"
"http://purl.org/np/RAm04lBKr6LoOoqyfBw89BEyIZBGrdeLYSU-l1mDdh6wM","http://purl.org/np/RAWCmrfeUUoh1tOl_7qFYoWgrYeonmX4FzAFboCSEoL-s","https://orcid.org/0000-0002-0519-7776","https://orcid.org/0000-0002-1267-0234","https://w3id.org/linkflows/reviews/ContentComment","https://w3id.org/linkflows/reviews/PositiveComment","https://w3id.org/linkflows/reviews/NoActionNeededComment","5",,"This looks like a good formalization to me."
"http://purl.org/np/RALWxVELKuqrkcO9ud2eXr0E2-ot5bl-0NpOIQi1ktrgI","http://purl.org/np/RAWCmrfeUUoh1tOl_7qFYoWgrYeonmX4FzAFboCSEoL-s","https://orcid.org/0000-0002-0519-7776","https://orcid.org/0000-0002-1267-0234","https://w3id.org/linkflows/reviews/SyntaxComment","https://w3id.org/linkflows/reviews/PositiveComment","https://w3id.org/linkflows/reviews/NoActionNeededComment","2",,"Referring to another reviewer's comments, I think having underscores '_' instead of hythens '-' for class URIs is perfectly fine. So, I think no action is required on this."
